-- phpMyAdmin SQL Dump
-- version 5.2.1
-- https://www.phpmyadmin.net/
--
-- Hôte : 127.0.0.1:3306
-- Généré le : mar. 03 sep. 2024 à 14:03
-- Version du serveur : 8.3.0
-- Version de PHP : 8.2.18

SET SQL_MODE = "NO_AUTO_VALUE_ON_ZERO";
START TRANSACTION;
SET time_zone = "+00:00";


/*!40101 SET @OLD_CHARACTER_SET_CLIENT=@@CHARACTER_SET_CLIENT */;
/*!40101 SET @OLD_CHARACTER_SET_RESULTS=@@CHARACTER_SET_RESULTS */;
/*!40101 SET @OLD_COLLATION_CONNECTION=@@COLLATION_CONNECTION */;
/*!40101 SET NAMES utf8mb4 */;

--
-- Base de données : `openinnov`
--

-- --------------------------------------------------------

--
-- Structure de la table `averageperformance`
--

DROP TABLE IF EXISTS `averageperformance`;
CREATE TABLE IF NOT EXISTS `averageperformance` (
  `average_performance_id` int NOT NULL AUTO_INCREMENT,
  `player_id` int NOT NULL,
  `performance_year` year NOT NULL,
  `average_play_time` decimal(5,2) NOT NULL,
  `average_defensive_rebounds` decimal(5,2) NOT NULL,
  `average_offensive_rebounds` decimal(5,2) NOT NULL,
  `average_assists` decimal(5,2) NOT NULL,
  `average_turnovers` decimal(5,2) NOT NULL,
  `average_personal_fouls` decimal(5,2) NOT NULL,
  `average_steals` decimal(5,2) NOT NULL,
  `average_blocks` decimal(5,2) NOT NULL,
  `average_points` decimal(5,2) NOT NULL,
  `average_field_goals` decimal(5,2) NOT NULL,
  `average_three_points` decimal(5,2) NOT NULL,
  `average_free_throws` decimal(5,2) NOT NULL,
  `average_tried_field_goals` decimal(5,2) NOT NULL,
  `average_tried_three_points` decimal(5,2) NOT NULL,
  `average_tried_free_throws` decimal(5,2) NOT NULL,
  PRIMARY KEY (`average_performance_id`),
  KEY `idx_average_performance` (`player_id`)
) ENGINE=MyISAM DEFAULT CHARSET=utf8mb4 COLLATE=utf8mb4_general_ci;

-- --------------------------------------------------------

--
-- Structure de la table `awards`
--

DROP TABLE IF EXISTS `awards`;
CREATE TABLE IF NOT EXISTS `awards` (
  `award_id` int NOT NULL AUTO_INCREMENT,
  `name` varchar(191) COLLATE utf8mb4_general_ci NOT NULL,
  PRIMARY KEY (`award_id`),
  UNIQUE KEY `name` (`name`)
) ENGINE=MyISAM AUTO_INCREMENT=21 DEFAULT CHARSET=utf8mb4 COLLATE=utf8mb4_general_ci;

--
-- Déchargement des données de la table `awards`
--

INSERT INTO `awards` (`award_id`, `name`) VALUES
(1, 'MVP'),
(2, 'Rookie of the Year'),
(3, 'Defensive Player of the Year'),
(4, 'Sixth Player of the Year'),
(5, 'Most Improved Player'),
(6, 'Coach of the Year'),
(7, 'Executive of the Year'),
(8, 'Sportsmanship Award'),
(9, 'Teammate of the Year'),
(10, 'Community Assist Award'),
(11, 'All-Star Game MVP'),
(12, 'Finals MVP'),
(13, 'All-NBA First Team'),
(14, 'All-NBA Second Team'),
(15, 'All-NBA Third Team'),
(16, 'All-Defensive First Team'),
(17, 'All-Defensive Second Team'),
(18, 'All-Rookie First Team'),
(19, 'All-Rookie Second Team'),
(20, 'Scoring Champion');

-- --------------------------------------------------------

--
-- Structure de la table `matches`
--

DROP TABLE IF EXISTS `matches`;
CREATE TABLE IF NOT EXISTS `matches` (
  `match_id` int NOT NULL AUTO_INCREMENT,
  `match_date` date NOT NULL,
  `winner` int DEFAULT NULL,
  `team1_id` int NOT NULL,
  `team2_id` int NOT NULL,
  `team1_score` int DEFAULT NULL,
  `team2_score` int DEFAULT NULL,
  `overtime` int DEFAULT NULL,
  PRIMARY KEY (`match_id`),
  KEY `team1_id` (`team1_id`),
  KEY `team2_id` (`team2_id`),
  KEY `idx_match_date` (`match_date`)
) ENGINE=MyISAM AUTO_INCREMENT=11 DEFAULT CHARSET=utf8mb4 COLLATE=utf8mb4_general_ci;

--
-- Déchargement des données de la table `matches`
--

INSERT INTO `matches` (`match_id`, `match_date`, `winner`, `team1_id`, `team2_id`, `team1_score`, `team2_score`, `overtime`) VALUES
(1, '2024-05-21', NULL, 3, 3, 85, 85, 2),
(2, '2024-11-15', NULL, 9, 6, 85, 85, 1),
(3, '2024-06-19', NULL, 7, 6, 85, 85, 2),
(4, '2024-09-23', NULL, 7, 8, 85, 85, 0),
(5, '2024-11-26', NULL, 5, 7, 85, 85, 0),
(6, '2024-07-28', NULL, 3, 7, 85, 85, 3),
(7, '2024-05-04', NULL, 5, 1, 85, 91, 1),
(8, '2024-01-31', NULL, 4, 10, 85, 68, 1),
(9, '2024-01-08', NULL, 1, 9, 90, 85, 0),
(10, '2024-09-12', NULL, 9, 7, 85, 85, 0);

-- --------------------------------------------------------

--
-- Structure de la table `performance`
--

DROP TABLE IF EXISTS `performance`;
CREATE TABLE IF NOT EXISTS `performance` (
  `performance_id` int NOT NULL AUTO_INCREMENT,
  `player_team_id` int NOT NULL,
  `match_id` int NOT NULL,
  `play_time` int NOT NULL,
  `defensive_rebounds` int NOT NULL,
  `offensive_rebounds` int NOT NULL,
  `assists` int NOT NULL,
  `turnovers` int NOT NULL,
  `personal_fouls` int NOT NULL,
  `steals` int NOT NULL,
  `blocks` int NOT NULL,
  `scored_points` int DEFAULT NULL,
  PRIMARY KEY (`performance_id`),
  KEY `match_id` (`match_id`),
  KEY `idx_performance` (`player_team_id`,`match_id`)
) ENGINE=MyISAM AUTO_INCREMENT=101 DEFAULT CHARSET=utf8mb4 COLLATE=utf8mb4_general_ci;

--
-- Déchargement des données de la table `performance`
--

INSERT INTO `performance` (`performance_id`, `player_team_id`, `match_id`, `play_time`, `defensive_rebounds`, `offensive_rebounds`, `assists`, `turnovers`, `personal_fouls`, `steals`, `blocks`, `scored_points`) VALUES
(1, 1, 7, 53, 5, 2, 3, 1, 2, 1, 1, 18),
(2, 2, 7, 53, 3, 1, 4, 2, 3, 2, 1, 17),
(3, 3, 7, 53, 4, 3, 2, 3, 1, 3, 1, 17),
(4, 4, 7, 53, 2, 1, 1, 4, 2, 4, 1, 17),
(5, 5, 7, 53, 1, 2, 5, 5, 3, 5, 1, 22),
(6, 1, 9, 48, 5, 2, 3, 1, 2, 1, 1, 17),
(7, 2, 9, 48, 3, 1, 4, 2, 3, 2, 1, 17),
(8, 3, 9, 48, 4, 3, 2, 3, 1, 3, 1, 17),
(9, 4, 9, 48, 2, 1, 1, 4, 2, 4, 1, 17),
(10, 5, 9, 48, 1, 2, 5, 5, 3, 5, 1, 22),
(11, 6, 1, 48, 5, 2, 3, 1, 2, 1, 1, NULL),
(12, 7, 1, 48, 3, 1, 4, 2, 3, 2, 1, NULL),
(13, 8, 1, 48, 4, 3, 2, 3, 1, 3, 1, NULL),
(14, 9, 1, 48, 2, 1, 1, 4, 2, 4, 1, NULL),
(15, 10, 1, 48, 1, 2, 5, 5, 3, 5, 1, NULL),
(16, 11, 1, 48, 5, 2, 3, 1, 2, 1, 1, 17),
(17, 12, 1, 48, 3, 1, 4, 2, 3, 2, 1, 17),
(18, 13, 1, 48, 4, 3, 2, 3, 1, 3, 1, 17),
(19, 14, 1, 48, 2, 1, 1, 4, 2, 4, 1, 17),
(20, 15, 1, 48, 1, 2, 5, 5, 3, 5, 1, 17),
(21, 11, 6, 63, 5, 2, 3, 1, 2, 1, 1, 17),
(22, 12, 6, 63, 3, 1, 4, 2, 3, 2, 1, 17),
(23, 13, 6, 63, 4, 3, 2, 3, 1, 3, 1, 17),
(24, 14, 6, 63, 2, 1, 1, 4, 2, 4, 1, 17),
(25, 15, 6, 63, 1, 2, 5, 5, 3, 5, 1, 17),
(26, 16, 8, 48, 5, 2, 3, 1, 2, 1, 1, 17),
(27, 17, 8, 48, 3, 1, 4, 2, 3, 2, 1, 17),
(28, 18, 8, 48, 4, 3, 2, 3, 1, 3, 1, 17),
(29, 19, 8, 48, 2, 1, 1, 4, 2, 4, 1, 17),
(30, 20, 8, 48, 1, 2, 5, 5, 3, 5, 1, 17),
(31, 21, 5, 48, 5, 2, 3, 1, 2, 1, 1, 17),
(32, 22, 5, 48, 3, 1, 4, 2, 3, 2, 1, 17),
(33, 23, 5, 48, 4, 3, 2, 3, 1, 3, 1, 17),
(34, 24, 5, 48, 2, 1, 1, 4, 2, 4, 1, 17),
(35, 25, 5, 48, 1, 2, 5, 5, 3, 5, 1, 17),
(36, 21, 7, 53, 5, 2, 3, 1, 2, 1, 1, 17),
(37, 22, 7, 53, 3, 1, 4, 2, 3, 2, 1, 17),
(38, 23, 7, 53, 4, 3, 2, 3, 1, 3, 1, 17),
(39, 24, 7, 53, 2, 1, 1, 4, 2, 4, 1, 17),
(40, 25, 7, 53, 1, 2, 5, 5, 3, 5, 1, 17),
(41, 26, 2, 53, 5, 2, 3, 1, 2, 1, 1, 17),
(42, 27, 2, 53, 3, 1, 4, 2, 3, 2, 1, 17),
(43, 28, 2, 53, 4, 3, 2, 3, 1, 3, 1, 17),
(44, 29, 2, 53, 2, 1, 1, 4, 2, 4, 1, 17),
(45, 30, 2, 53, 1, 2, 5, 5, 3, 5, 1, 17),
(46, 26, 3, 58, 5, 2, 3, 1, 2, 1, 1, 17),
(47, 27, 3, 58, 3, 1, 4, 2, 3, 2, 1, 17),
(48, 28, 3, 58, 4, 3, 2, 3, 1, 3, 1, 17),
(49, 29, 3, 58, 2, 1, 1, 4, 2, 4, 1, 17),
(50, 30, 3, 58, 1, 2, 5, 5, 3, 5, 1, 17),
(51, 31, 3, 58, 5, 2, 3, 1, 2, 1, 1, 17),
(52, 32, 3, 58, 3, 1, 4, 2, 3, 2, 1, 17),
(53, 33, 3, 58, 4, 3, 2, 3, 1, 3, 1, 17),
(54, 34, 3, 58, 2, 1, 1, 4, 2, 4, 1, 17),
(55, 35, 3, 58, 1, 2, 5, 5, 3, 5, 1, 17),
(56, 31, 4, 48, 5, 2, 3, 1, 2, 1, 1, 17),
(57, 32, 4, 48, 3, 1, 4, 2, 3, 2, 1, 17),
(58, 33, 4, 48, 4, 3, 2, 3, 1, 3, 1, 17),
(59, 34, 4, 48, 2, 1, 1, 4, 2, 4, 1, 17),
(60, 35, 4, 48, 1, 2, 5, 5, 3, 5, 1, 17),
(61, 31, 5, 48, 5, 2, 3, 1, 2, 1, 1, 17),
(62, 32, 5, 48, 3, 1, 4, 2, 3, 2, 1, 17),
(63, 33, 5, 48, 4, 3, 2, 3, 1, 3, 1, 17),
(64, 34, 5, 48, 2, 1, 1, 4, 2, 4, 1, 17),
(65, 35, 5, 48, 1, 2, 5, 5, 3, 5, 1, 17),
(66, 31, 6, 63, 5, 2, 3, 1, 2, 1, 1, 17),
(67, 32, 6, 63, 3, 1, 4, 2, 3, 2, 1, 17),
(68, 33, 6, 63, 4, 3, 2, 3, 1, 3, 1, 17),
(69, 34, 6, 63, 2, 1, 1, 4, 2, 4, 1, 17),
(70, 35, 6, 63, 1, 2, 5, 5, 3, 5, 1, 17),
(71, 31, 10, 48, 5, 2, 3, 1, 2, 1, 1, 17),
(72, 32, 10, 48, 3, 1, 4, 2, 3, 2, 1, 17),
(73, 33, 10, 48, 4, 3, 2, 3, 1, 3, 1, 17),
(74, 34, 10, 48, 2, 1, 1, 4, 2, 4, 1, 17),
(75, 35, 10, 48, 1, 2, 5, 5, 3, 5, 1, 17),
(76, 36, 4, 48, 5, 2, 3, 1, 2, 1, 1, 17),
(77, 37, 4, 48, 3, 1, 4, 2, 3, 2, 1, 17),
(78, 38, 4, 48, 4, 3, 2, 3, 1, 3, 1, 17),
(79, 39, 4, 48, 2, 1, 1, 4, 2, 4, 1, 17),
(80, 40, 4, 48, 1, 2, 5, 5, 3, 5, 1, 17),
(81, 41, 2, 53, 5, 2, 3, 1, 2, 1, 1, 17),
(82, 42, 2, 53, 3, 1, 4, 2, 3, 2, 1, 17),
(83, 43, 2, 53, 4, 3, 2, 3, 1, 3, 1, 17),
(84, 44, 2, 53, 2, 1, 1, 4, 2, 4, 1, 17),
(85, 45, 2, 53, 1, 2, 5, 5, 3, 5, 1, 17),
(86, 41, 9, 48, 5, 2, 3, 1, 2, 1, 1, 17),
(87, 42, 9, 48, 3, 1, 4, 2, 3, 2, 1, 17),
(88, 43, 9, 48, 4, 3, 2, 3, 1, 3, 1, 17),
(89, 44, 9, 48, 2, 1, 1, 4, 2, 4, 1, 17),
(90, 45, 9, 48, 1, 2, 5, 5, 3, 5, 1, 17),
(91, 41, 10, 48, 5, 2, 3, 1, 2, 1, 1, 17),
(92, 42, 10, 48, 3, 1, 4, 2, 3, 2, 1, 17),
(93, 43, 10, 48, 4, 3, 2, 3, 1, 3, 1, 17),
(94, 44, 10, 48, 2, 1, 1, 4, 2, 4, 1, 17),
(95, 45, 10, 48, 1, 2, 5, 5, 3, 5, 1, 17),
(96, 46, 8, 53, 5, 2, 3, 1, 2, 1, 1, 17),
(97, 47, 8, 53, 3, 1, 4, 2, 3, 2, 1, 17),
(98, 48, 8, 53, 4, 3, 2, 3, 1, 3, 1, 17),
(99, 49, 8, 53, 2, 1, 1, 4, 2, 4, 1, 17),
(100, 50, 8, 53, 1, 2, 5, 5, 3, 5, 1, 0);

-- --------------------------------------------------------

--
-- Structure de la table `playerawards`
--

DROP TABLE IF EXISTS `playerawards`;
CREATE TABLE IF NOT EXISTS `playerawards` (
  `player_award_id` int NOT NULL AUTO_INCREMENT,
  `player_id` int NOT NULL,
  `award_id` int NOT NULL,
  `award_date` date NOT NULL,
  PRIMARY KEY (`player_award_id`),
  KEY `player_id` (`player_id`),
  KEY `award_id` (`award_id`)
) ENGINE=MyISAM DEFAULT CHARSET=utf8mb4 COLLATE=utf8mb4_general_ci;

-- --------------------------------------------------------

--
-- Structure de la table `playermatchparticipation`
--

DROP TABLE IF EXISTS `playermatchparticipation`;
CREATE TABLE IF NOT EXISTS `playermatchparticipation` (
  `participation_id` int NOT NULL AUTO_INCREMENT,
  `player_team_id` int NOT NULL,
  `match_id` int NOT NULL,
  PRIMARY KEY (`participation_id`),
  KEY `match_id` (`match_id`),
  KEY `idx_player_match` (`player_team_id`,`match_id`)
) ENGINE=MyISAM AUTO_INCREMENT=101 DEFAULT CHARSET=utf8mb4 COLLATE=utf8mb4_general_ci;

--
-- Déchargement des données de la table `playermatchparticipation`
--

INSERT INTO `playermatchparticipation` (`participation_id`, `player_team_id`, `match_id`) VALUES
(1, 1, 7),
(2, 2, 7),
(3, 3, 7),
(4, 4, 7),
(5, 5, 7),
(6, 1, 9),
(7, 2, 9),
(8, 3, 9),
(9, 4, 9),
(10, 5, 9),
(11, 6, 1),
(12, 7, 1),
(13, 8, 1),
(14, 9, 1),
(15, 10, 1),
(16, 11, 1),
(17, 12, 1),
(18, 13, 1),
(19, 14, 1),
(20, 15, 1),
(21, 11, 6),
(22, 12, 6),
(23, 13, 6),
(24, 14, 6),
(25, 15, 6),
(26, 16, 8),
(27, 17, 8),
(28, 18, 8),
(29, 19, 8),
(30, 20, 8),
(31, 21, 5),
(32, 22, 5),
(33, 23, 5),
(34, 24, 5),
(35, 25, 5),
(36, 21, 7),
(37, 22, 7),
(38, 23, 7),
(39, 24, 7),
(40, 25, 7),
(41, 26, 2),
(42, 27, 2),
(43, 28, 2),
(44, 29, 2),
(45, 30, 2),
(46, 26, 3),
(47, 27, 3),
(48, 28, 3),
(49, 29, 3),
(50, 30, 3),
(51, 31, 3),
(52, 32, 3),
(53, 33, 3),
(54, 34, 3),
(55, 35, 3),
(56, 31, 4),
(57, 32, 4),
(58, 33, 4),
(59, 34, 4),
(60, 35, 4),
(61, 31, 5),
(62, 32, 5),
(63, 33, 5),
(64, 34, 5),
(65, 35, 5),
(66, 31, 6),
(67, 32, 6),
(68, 33, 6),
(69, 34, 6),
(70, 35, 6),
(71, 31, 10),
(72, 32, 10),
(73, 33, 10),
(74, 34, 10),
(75, 35, 10),
(76, 36, 4),
(77, 37, 4),
(78, 38, 4),
(79, 39, 4),
(80, 40, 4),
(81, 41, 2),
(82, 42, 2),
(83, 43, 2),
(84, 44, 2),
(85, 45, 2),
(86, 41, 9),
(87, 42, 9),
(88, 43, 9),
(89, 44, 9),
(90, 45, 9),
(91, 41, 10),
(92, 42, 10),
(93, 43, 10),
(94, 44, 10),
(95, 45, 10),
(96, 46, 8),
(97, 47, 8),
(98, 48, 8),
(99, 49, 8),
(100, 50, 8);

-- --------------------------------------------------------

--
-- Structure de la table `playerpositions`
--

DROP TABLE IF EXISTS `playerpositions`;
CREATE TABLE IF NOT EXISTS `playerpositions` (
  `position_id` int NOT NULL AUTO_INCREMENT,
  `name` varchar(191) COLLATE utf8mb4_general_ci DEFAULT NULL,
  PRIMARY KEY (`position_id`),
  UNIQUE KEY `name` (`name`)
) ENGINE=MyISAM AUTO_INCREMENT=6 DEFAULT CHARSET=utf8mb4 COLLATE=utf8mb4_general_ci;

--
-- Déchargement des données de la table `playerpositions`
--

INSERT INTO `playerpositions` (`position_id`, `name`) VALUES
(1, 'Point Guard'),
(2, 'Shooting Guard'),
(3, 'Small Forward'),
(4, 'Power Forward'),
(5, 'Center');

-- --------------------------------------------------------

--
-- Structure de la table `players`
--

DROP TABLE IF EXISTS `players`;
CREATE TABLE IF NOT EXISTS `players` (
  `player_id` int NOT NULL AUTO_INCREMENT,
  `name` varchar(191) COLLATE utf8mb4_general_ci NOT NULL,
  `birth_date` date NOT NULL,
  `weight` decimal(5,2) NOT NULL,
  `height` decimal(5,2) NOT NULL,
  `draft_year` year DEFAULT NULL,
  `origin` varchar(191) COLLATE utf8mb4_general_ci NOT NULL,
  PRIMARY KEY (`player_id`),
  KEY `idx_player_name` (`name`(100))
) ENGINE=MyISAM AUTO_INCREMENT=51 DEFAULT CHARSET=utf8mb4 COLLATE=utf8mb4_general_ci;

--
-- Déchargement des données de la table `players`
--

INSERT INTO `players` (`player_id`, `name`, `birth_date`, `weight`, `height`, `draft_year`, `origin`) VALUES
(1, 'Robert Martinez', '1998-03-30', 71.56, 1.90, '2020', 'Germany'),
(2, 'Jane Jones', '1993-10-03', 85.00, 1.75, '2022', 'Germany'),
(3, 'Sarah Smith', '1993-10-02', 92.27, 2.00, '2022', 'Germany'),
(4, 'Chris Jones', '1991-09-19', 94.51, 1.81, '2014', 'Spain'),
(5, 'Anna Brown', '1993-06-09', 73.06, 1.97, '2014', 'Canada'),
(6, 'Sarah Davis', '1993-06-07', 84.10, 1.73, '2010', 'France'),
(7, 'David Lopez', '2001-02-11', 96.54, 1.91, '2011', 'France'),
(8, 'John Brown', '1993-01-26', 80.61, 1.97, '2022', 'France'),
(9, 'Mike Lopez', '1991-05-08', 94.11, 1.99, '2014', 'Germany'),
(10, 'Sarah Brown', '2001-12-21', 77.88, 1.76, '2023', 'USA'),
(11, 'John Doe', '1995-01-01', 80.00, 1.85, '2017', 'USA'),
(12, 'Michael Johnson', '1995-07-12', 88.20, 1.85, '2017', 'USA'),
(13, 'Emily Wilson', '1994-09-28', 70.50, 1.78, '2018', 'Canada'),
(14, 'Daniel Davis', '1992-12-05', 82.10, 1.92, '2015', 'Spain'),
(15, 'Sophia Martinez', '1996-03-17', 75.90, 1.83, '2019', 'Germany'),
(16, 'Matthew Thompson', '1993-11-02', 91.60, 1.95, '2016', 'USA'),
(17, 'Olivia Johnson', '1995-06-21', 68.70, 1.76, '2017', 'Canada'),
(18, 'Ethan Wilson', '1994-08-14', 84.30, 1.89, '2018', 'Spain'),
(19, 'Ava Davis', '1992-11-29', 77.80, 1.81, '2015', 'Germany'),
(20, 'Noah Martinez', '1996-02-10', 90.40, 1.94, '2019', 'USA'),
(21, 'Isabella Thompson', '1993-10-25', 72.10, 1.79, '2016', 'Canada'),
(22, 'William Johnson', '1995-05-31', 86.50, 1.88, '2017', 'Spain'),
(23, 'Mia Wilson', '1994-07-18', 74.20, 1.82, '2018', 'Germany'),
(24, 'James Davis', '1992-10-15', 80.90, 1.86, '2015', 'USA'),
(25, 'Charlotte Martinez', '1996-01-27', 73.50, 1.80, '2019', 'Canada'),
(26, 'Benjamin Thompson', '1993-09-12', 88.70, 1.87, '2016', 'Spain'),
(27, 'Amelia Johnson', '1995-05-09', 69.40, 1.77, '2017', 'Germany'),
(28, 'Daniel Wilson', '1994-06-26', 83.20, 1.90, '2018', 'USA'),
(29, 'Sophia Davis', '1992-09-03', 76.60, 1.84, '2015', 'Canada'),
(30, 'Matthew Martinez', '1996-01-15', 89.80, 1.93, '2019', 'Spain'),
(31, 'Olivia Thompson', '1993-08-29', 71.30, 1.80, '2016', 'Germany'),
(32, 'Ethan Johnson', '1995-04-05', 85.10, 1.87, '2017', 'USA'),
(33, 'Ava Wilson', '1994-05-23', 72.80, 1.81, '2018', 'Canada'),
(34, 'Noah Davis', '1992-08-10', 78.50, 1.85, '2015', 'Spain'),
(35, 'Isabella Martinez', '1996-12-22', 75.10, 1.82, '2019', 'Germany'),
(36, 'William Thompson', '1993-07-07', 87.90, 1.89, '2016', 'USA'),
(37, 'Mia Johnson', '1995-03-26', 70.60, 1.77, '2017', 'Canada'),
(38, 'James Wilson', '1994-05-12', 82.30, 1.90, '2018', 'Spain'),
(39, 'Charlotte Davis', '1992-07-29', 77.10, 1.83, '2015', 'Germany'),
(40, 'Benjamin Martinez', '1996-12-11', 91.30, 1.92, '2019', 'USA'),
(41, 'Emily Johnson', '1996-04-14', 68.90, 1.75, '2020', 'USA'),
(42, 'Daniel Brown', '1993-12-01', 82.30, 1.88, '2019', 'Canada'),
(43, 'Sophia Wilson', '1995-09-07', 71.20, 1.79, '2017', 'Spain'),
(44, 'Matthew Davis', '1994-11-18', 88.60, 1.92, '2018', 'Germany'),
(45, 'Olivia Martinez', '1992-10-03', 70.80, 1.76, '2015', 'USA'),
(46, 'Ethan Thompson', '1996-03-26', 84.20, 1.85, '2019', 'Canada'),
(47, 'Ava Johnson', '1993-08-12', 73.90, 1.81, '2016', 'Spain'),
(48, 'Noah Wilson', '1995-05-29', 77.30, 1.83, '2017', 'Germany'),
(49, 'Isabella Davis', '1994-07-16', 75.50, 1.82, '2018', 'USA'),
(50, 'William Martinez', '1996-02-08', 86.90, 1.88, '2019', 'Canada');

-- --------------------------------------------------------

--
-- Structure de la table `playerteam`
--

DROP TABLE IF EXISTS `playerteam`;
CREATE TABLE IF NOT EXISTS `playerteam` (
  `player_team_id` int NOT NULL AUTO_INCREMENT,
  `start_date` date NOT NULL,
  `end_date` date DEFAULT NULL,
  `jersey_number` int NOT NULL,
  `player_id` int NOT NULL,
  `team_id` int NOT NULL,
  `position_id` int NOT NULL,
  `active` tinyint(1) DEFAULT '1',
  PRIMARY KEY (`player_team_id`),
  KEY `team_id` (`team_id`),
  KEY `position_id` (`position_id`),
  KEY `idx_player_team` (`player_id`,`team_id`)
) ENGINE=MyISAM AUTO_INCREMENT=51 DEFAULT CHARSET=utf8mb4 COLLATE=utf8mb4_general_ci;

--
-- Déchargement des données de la table `playerteam`
--

INSERT INTO `playerteam` (`player_team_id`, `start_date`, `end_date`, `jersey_number`, `player_id`, `team_id`, `position_id`, `active`) VALUES
(1, '2021-03-29', NULL, 5, 1, 1, 1, 1),
(2, '2020-03-18', NULL, 7, 2, 1, 2, 1),
(3, '2020-05-26', NULL, 8, 3, 1, 3, 1),
(4, '2021-06-01', NULL, 37, 4, 1, 4, 1),
(5, '2020-01-25', NULL, 23, 5, 1, 5, 1),
(6, '2021-11-10', NULL, 11, 6, 2, 1, 1),
(7, '2020-03-16', NULL, 17, 7, 2, 2, 1),
(8, '2021-05-21', NULL, 3, 8, 2, 3, 1),
(9, '2021-07-24', NULL, 9, 9, 2, 4, 1),
(10, '2020-08-17', NULL, 13, 10, 2, 5, 1),
(11, '2022-06-13', NULL, 98, 11, 3, 1, 1),
(12, '2022-06-13', NULL, 99, 12, 3, 2, 1),
(13, '2022-06-13', NULL, 25, 13, 3, 3, 1),
(14, '2022-06-13', NULL, 4, 14, 3, 4, 1),
(15, '2022-06-13', NULL, 12, 15, 3, 5, 1),
(16, '2022-06-13', NULL, 1, 16, 4, 1, 1),
(17, '2022-06-13', NULL, 8, 17, 4, 2, 1),
(18, '2022-06-13', NULL, 33, 18, 4, 3, 1),
(19, '2022-06-13', NULL, 21, 19, 4, 4, 1),
(20, '2022-06-13', NULL, 10, 20, 4, 5, 1),
(21, '2022-06-13', NULL, 14, 21, 5, 1, 1),
(22, '2022-06-13', NULL, 7, 22, 5, 2, 1),
(23, '2022-06-13', NULL, 5, 23, 5, 3, 1),
(24, '2022-06-13', NULL, 2, 24, 5, 4, 1),
(25, '2022-06-13', NULL, 6, 25, 5, 5, 1),
(26, '2022-06-13', NULL, 9, 26, 6, 1, 1),
(27, '2022-06-13', NULL, 15, 27, 6, 2, 1),
(28, '2022-06-13', NULL, 13, 28, 6, 3, 1),
(29, '2022-06-13', NULL, 11, 29, 6, 4, 1),
(30, '2022-06-13', NULL, 23, 30, 6, 5, 1),
(31, '2022-06-13', NULL, 3, 31, 7, 1, 1),
(32, '2022-06-13', NULL, 22, 32, 7, 2, 1),
(33, '2022-06-13', NULL, 18, 33, 7, 3, 1),
(34, '2022-06-13', NULL, 20, 34, 7, 4, 1),
(35, '2022-06-13', NULL, 16, 35, 7, 5, 1),
(36, '2022-06-13', NULL, 19, 36, 8, 1, 1),
(37, '2022-06-13', NULL, 24, 37, 8, 2, 1),
(38, '2022-06-13', NULL, 32, 38, 8, 3, 1),
(39, '2022-06-13', NULL, 27, 39, 8, 4, 1),
(40, '2022-06-13', NULL, 26, 40, 8, 5, 1),
(41, '2022-06-13', NULL, 29, 41, 9, 1, 1),
(42, '2022-06-13', NULL, 30, 42, 9, 2, 1),
(43, '2022-06-13', NULL, 31, 43, 9, 3, 1),
(44, '2022-06-13', NULL, 28, 44, 9, 4, 1),
(45, '2022-06-13', NULL, 34, 45, 9, 5, 1),
(46, '2022-06-13', NULL, 35, 46, 10, 1, 1),
(47, '2022-06-13', NULL, 36, 47, 10, 2, 1),
(48, '2022-06-13', NULL, 38, 48, 10, 3, 1),
(49, '2022-06-13', NULL, 39, 49, 10, 4, 1),
(50, '2022-06-13', NULL, 40, 50, 10, 5, 1);

-- --------------------------------------------------------

--
-- Structure de la table `shots`
--

DROP TABLE IF EXISTS `shots`;
CREATE TABLE IF NOT EXISTS `shots` (
  `shot_id` int NOT NULL AUTO_INCREMENT,
  `performance_id` int NOT NULL,
  `distance` decimal(5,2) NOT NULL,
  `defender` int DEFAULT NULL,
  `time_shot` time NOT NULL,
  `is_shot_made` tinyint(1) NOT NULL,
  `is_free_throw` tinyint(1) NOT NULL DEFAULT '0',
  PRIMARY KEY (`shot_id`),
  KEY `defender` (`defender`),
  KEY `idx_shot` (`performance_id`,`defender`)
) ENGINE=MyISAM AUTO_INCREMENT=1801 DEFAULT CHARSET=utf8mb4 COLLATE=utf8mb4_general_ci;

--
-- Déchargement des données de la table `shots`
--

INSERT INTO `shots` (`shot_id`, `performance_id`, `distance`, `defender`, `time_shot`, `is_shot_made`, `is_free_throw`) VALUES
(1, 0, 3.48, 23, '00:00:03', 1, 0),
(2, 0, 23.75, NULL, '00:00:05', 1, 0),
(3, 0, 15.00, NULL, '00:00:11', 1, 1),
(4, 0, 15.00, NULL, '00:00:11', 1, 1),
(5, 0, 19.17, 20, '00:00:17', 1, 0),
(6, 0, 14.07, 21, '00:00:19', 0, 0),
(7, 0, 5.84, 22, '00:00:24', 1, 0),
(8, 0, 23.75, 24, '00:00:27', 0, 0),
(9, 0, 18.14, 21, '00:00:29', 1, 0),
(10, 0, 15.00, NULL, '00:00:34', 1, 1),
(11, 0, 15.00, NULL, '00:00:34', 0, 1),
(12, 0, 24.52, NULL, '00:00:38', 1, 0),
(13, 0, 7.77, 24, '00:00:45', 0, 0),
(14, 0, 23.75, 23, '00:00:47', 1, 0),
(15, 0, 15.00, NULL, '00:00:50', 1, 1),
(16, 0, 15.00, NULL, '00:00:50', 1, 1),
(17, 0, 23.75, 23, '00:00:53', 0, 0),
(18, 0, 17.14, NULL, '00:00:56', 1, 0),
(19, 1, 4.12, 23, '00:00:02', 1, 0),
(20, 1, 22.45, NULL, '00:00:06', 0, 0),
(21, 1, 16.00, NULL, '00:00:10', 1, 1),
(22, 1, 16.00, NULL, '00:00:10', 1, 1),
(23, 1, 20.17, 20, '00:00:15', 0, 0),
(24, 1, 13.07, 21, '00:00:18', 1, 0),
(25, 1, 6.84, 22, '00:00:22', 1, 0),
(26, 1, 24.75, 24, '00:00:25', 0, 0),
(27, 1, 19.14, 21, '00:00:28', 1, 0),
(28, 1, 14.00, NULL, '00:00:32', 1, 1),
(29, 1, 14.00, NULL, '00:00:32', 0, 1),
(30, 1, 25.52, NULL, '00:00:35', 0, 0),
(31, 1, 8.77, 24, '00:00:40', 1, 0),
(32, 1, 22.75, 23, '00:00:43', 0, 0),
(33, 1, 16.00, NULL, '00:00:46', 1, 1),
(34, 1, 16.00, NULL, '00:00:46', 1, 1),
(35, 1, 24.75, 23, '00:00:50', 0, 0),
(36, 1, 18.14, NULL, '00:00:55', 1, 0),
(37, 2, 5.48, 23, '00:00:04', 1, 0),
(38, 2, 21.75, NULL, '00:00:07', 0, 0),
(39, 2, 17.00, NULL, '00:00:12', 1, 1),
(40, 2, 17.00, NULL, '00:00:12', 1, 1),
(41, 2, 21.17, 20, '00:00:16', 0, 0),
(42, 2, 12.07, 21, '00:00:20', 1, 0),
(43, 2, 7.84, 22, '00:00:23', 1, 0),
(44, 2, 25.75, 24, '00:00:26', 0, 0),
(45, 2, 20.14, 21, '00:00:30', 1, 0),
(46, 2, 13.00, NULL, '00:00:33', 1, 1),
(47, 2, 13.00, NULL, '00:00:33', 0, 1),
(48, 2, 26.52, NULL, '00:00:37', 0, 0),
(49, 2, 9.77, 24, '00:00:42', 1, 0),
(50, 2, 21.75, 23, '00:00:44', 0, 0),
(51, 2, 17.00, NULL, '00:00:48', 1, 1),
(52, 2, 17.00, NULL, '00:00:48', 1, 1),
(53, 2, 25.75, 23, '00:00:52', 0, 0),
(54, 2, 19.14, NULL, '00:00:57', 1, 0),
(55, 3, 6.48, 23, '00:00:05', 1, 0),
(56, 3, 20.75, NULL, '00:00:08', 0, 0),
(57, 3, 18.00, NULL, '00:00:13', 1, 1),
(58, 3, 18.00, NULL, '00:00:13', 1, 1),
(59, 3, 22.17, 20, '00:00:14', 0, 0),
(60, 3, 11.07, 21, '00:00:21', 1, 0),
(61, 3, 8.84, 22, '00:00:25', 1, 0),
(62, 3, 26.75, 24, '00:00:28', 0, 0),
(63, 3, 21.14, 21, '00:00:31', 1, 0),
(64, 3, 12.00, NULL, '00:00:36', 1, 1),
(65, 3, 12.00, NULL, '00:00:36', 0, 1),
(66, 3, 27.52, NULL, '00:00:39', 0, 0),
(67, 3, 10.77, 24, '00:00:41', 1, 0),
(68, 3, 20.75, 23, '00:00:46', 0, 0),
(69, 3, 18.00, NULL, '00:00:49', 1, 1),
(70, 3, 18.00, NULL, '00:00:49', 1, 1),
(71, 3, 26.75, 23, '00:00:51', 0, 0),
(72, 3, 20.14, NULL, '00:00:54', 1, 0),
(73, 4, 7.48, 23, '00:00:06', 1, 0),
(74, 4, 19.75, NULL, '00:00:09', 0, 0),
(75, 4, 19.00, NULL, '00:00:14', 1, 1),
(76, 4, 19.00, NULL, '00:00:14', 1, 1),
(77, 4, 23.17, 20, '00:00:15', 0, 0),
(78, 4, 10.07, 21, '00:00:22', 1, 0),
(79, 4, 9.84, 22, '00:00:26', 1, 0),
(80, 4, 27.75, 24, '00:00:29', 0, 0),
(81, 4, 22.14, 21, '00:00:32', 1, 0),
(82, 4, 11.00, NULL, '00:00:37', 1, 1),
(83, 4, 11.00, NULL, '00:00:37', 0, 1),
(84, 4, 28.52, NULL, '00:00:40', 0, 0),
(85, 4, 11.77, 24, '00:00:43', 1, 0),
(86, 4, 19.75, 23, '00:00:45', 0, 0),
(87, 4, 19.00, NULL, '00:00:50', 1, 1),
(88, 4, 19.00, NULL, '00:00:50', 1, 1),
(89, 4, 27.75, 23, '00:00:53', 0, 0),
(90, 4, 21.14, NULL, '00:00:56', 1, 0),
(91, 5, 3.48, 45, '00:00:03', 1, 0),
(92, 5, 23.75, NULL, '00:00:05', 1, 0),
(93, 5, 15.00, NULL, '00:00:11', 1, 1),
(94, 5, 15.00, NULL, '00:00:11', 1, 1),
(95, 5, 19.17, 46, '00:00:17', 1, 0),
(96, 5, 14.07, 47, '00:00:19', 0, 0),
(97, 5, 5.84, 48, '00:00:24', 1, 0),
(98, 5, 23.75, 49, '00:00:27', 0, 0),
(99, 5, 18.14, 45, '00:00:29', 1, 0),
(100, 5, 15.00, NULL, '00:00:34', 1, 1),
(101, 5, 15.00, NULL, '00:00:34', 0, 1),
(102, 5, 24.52, NULL, '00:00:38', 1, 0),
(103, 5, 7.77, 46, '00:00:39', 0, 0),
(104, 5, 23.75, 47, '00:00:41', 1, 0),
(105, 5, 15.00, NULL, '00:00:42', 1, 1),
(106, 5, 15.00, NULL, '00:00:43', 1, 1),
(107, 5, 23.75, 48, '00:00:45', 0, 0),
(108, 5, 17.14, NULL, '00:00:47', 1, 0),
(109, 6, 4.12, 45, '00:00:02', 1, 0),
(110, 6, 22.45, NULL, '00:00:06', 0, 0),
(111, 6, 16.00, NULL, '00:00:10', 1, 1),
(112, 6, 16.00, NULL, '00:00:10', 1, 1),
(113, 6, 20.17, 46, '00:00:15', 0, 0),
(114, 6, 13.07, 47, '00:00:18', 1, 0),
(115, 6, 6.84, 48, '00:00:22', 1, 0),
(116, 6, 24.75, 49, '00:00:25', 0, 0),
(117, 6, 19.14, 45, '00:00:28', 1, 0),
(118, 6, 14.00, NULL, '00:00:32', 1, 1),
(119, 6, 14.00, NULL, '00:00:32', 0, 1),
(120, 6, 25.52, NULL, '00:00:35', 0, 0),
(121, 6, 8.77, 46, '00:00:40', 1, 0),
(122, 6, 22.75, 47, '00:00:43', 0, 0),
(123, 6, 16.00, NULL, '00:00:46', 1, 1),
(124, 6, 16.00, NULL, '00:00:46', 1, 1),
(125, 6, 24.75, 48, '00:00:47', 0, 0),
(126, 6, 18.14, NULL, '00:00:48', 1, 0),
(127, 7, 5.48, 45, '00:00:04', 1, 0),
(128, 7, 21.75, NULL, '00:00:07', 0, 0),
(129, 7, 17.00, NULL, '00:00:12', 1, 1),
(130, 7, 17.00, NULL, '00:00:12', 1, 1),
(131, 7, 21.17, 46, '00:00:16', 0, 0),
(132, 7, 12.07, 47, '00:00:20', 1, 0),
(133, 7, 7.84, 48, '00:00:23', 1, 0),
(134, 7, 25.75, 49, '00:00:26', 0, 0),
(135, 7, 20.14, 45, '00:00:30', 1, 0),
(136, 7, 13.00, NULL, '00:00:33', 1, 1),
(137, 7, 13.00, NULL, '00:00:33', 0, 1),
(138, 7, 26.52, NULL, '00:00:37', 0, 0),
(139, 7, 9.77, 46, '00:00:42', 1, 0),
(140, 7, 21.75, 47, '00:00:44', 0, 0),
(141, 7, 17.00, NULL, '00:00:45', 1, 1),
(142, 7, 17.00, NULL, '00:00:46', 1, 1),
(143, 7, 25.75, 48, '00:00:47', 0, 0),
(144, 7, 19.14, NULL, '00:00:48', 1, 0),
(145, 8, 6.48, 45, '00:00:05', 1, 0),
(146, 8, 20.75, NULL, '00:00:08', 0, 0),
(147, 8, 18.00, NULL, '00:00:13', 1, 1),
(148, 8, 18.00, NULL, '00:00:13', 1, 1),
(149, 8, 22.17, 46, '00:00:14', 0, 0),
(150, 8, 11.07, 47, '00:00:21', 1, 0),
(151, 8, 8.84, 48, '00:00:25', 1, 0),
(152, 8, 26.75, 49, '00:00:28', 0, 0),
(153, 8, 21.14, 45, '00:00:31', 1, 0),
(154, 8, 12.00, NULL, '00:00:36', 1, 1),
(155, 8, 12.00, NULL, '00:00:36', 0, 1),
(156, 8, 27.52, NULL, '00:00:39', 0, 0),
(157, 8, 10.77, 46, '00:00:41', 1, 0),
(158, 8, 20.75, 47, '00:00:42', 0, 0),
(159, 8, 18.00, NULL, '00:00:43', 1, 1),
(160, 8, 18.00, NULL, '00:00:44', 1, 1),
(161, 8, 26.75, 49, '00:00:45', 0, 0),
(162, 8, 20.14, NULL, '00:00:46', 1, 0),
(163, 9, 7.48, 45, '00:00:06', 1, 0),
(164, 9, 19.75, NULL, '00:00:09', 0, 0),
(165, 9, 19.00, NULL, '00:00:14', 1, 1),
(166, 9, 19.00, NULL, '00:00:14', 1, 1),
(167, 9, 23.17, 46, '00:00:15', 0, 0),
(168, 9, 10.07, 47, '00:00:22', 1, 0),
(169, 9, 9.84, 48, '00:00:26', 1, 0),
(170, 9, 27.75, 49, '00:00:29', 0, 0),
(171, 9, 22.14, 45, '00:00:32', 1, 0),
(172, 9, 11.00, NULL, '00:00:37', 1, 1),
(173, 9, 11.00, NULL, '00:00:37', 0, 1),
(174, 9, 28.52, NULL, '00:00:40', 0, 0),
(175, 9, 11.77, 46, '00:00:41', 1, 0),
(176, 9, 19.75, 47, '00:00:43', 0, 0),
(177, 9, 19.00, NULL, '00:00:44', 1, 1),
(178, 9, 19.00, NULL, '00:00:45', 1, 1),
(179, 9, 27.75, 48, '00:00:46', 0, 0),
(180, 9, 21.14, NULL, '00:00:47', 1, 0),
(181, 10, 3.48, 10, '00:00:03', 1, 0),
(182, 10, 22.75, NULL, '00:00:05', 1, 0),
(183, 10, 15.00, NULL, '00:00:07', 1, 1),
(184, 10, 15.00, NULL, '00:00:09', 1, 1),
(185, 10, 19.17, 11, '00:00:11', 1, 0),
(186, 10, 14.07, 12, '00:00:13', 0, 0),
(187, 10, 5.84, 13, '00:00:15', 1, 0),
(188, 10, 22.75, 14, '00:00:17', 0, 0),
(189, 10, 18.14, 10, '00:00:19', 1, 0),
(190, 10, 15.00, NULL, '00:00:21', 1, 1),
(191, 10, 15.00, NULL, '00:00:23', 0, 1),
(192, 10, 24.52, NULL, '00:00:25', 1, 0),
(193, 10, 7.77, 11, '00:00:27', 0, 0),
(194, 10, 22.75, 12, '00:00:29', 1, 0),
(195, 10, 15.00, NULL, '00:00:31', 1, 1),
(196, 10, 15.00, NULL, '00:00:33', 1, 1),
(197, 10, 22.75, 13, '00:00:35', 0, 0),
(198, 10, 17.14, NULL, '00:00:37', 1, 0),
(199, 11, 4.12, 10, '00:00:02', 1, 0),
(200, 11, 21.45, NULL, '00:00:04', 0, 0),
(201, 1, 16.00, NULL, '00:00:06', 1, 1),
(202, 11, 16.00, NULL, '00:00:08', 1, 1),
(203, 11, 20.17, 11, '00:00:10', 0, 0),
(204, 11, 13.07, 12, '00:00:12', 1, 0),
(205, 11, 6.84, 13, '00:00:14', 1, 0),
(206, 11, 23.75, 14, '00:00:16', 0, 0),
(207, 11, 19.14, 10, '00:00:18', 1, 0),
(208, 11, 14.00, NULL, '00:00:20', 1, 1),
(209, 11, 14.00, NULL, '00:00:22', 0, 1),
(210, 11, 24.52, NULL, '00:00:24', 0, 0),
(211, 11, 8.77, 11, '00:00:26', 1, 0),
(212, 11, 21.75, 12, '00:00:28', 0, 0),
(213, 11, 16.00, NULL, '00:00:30', 1, 1),
(214, 11, 16.00, NULL, '00:00:32', 1, 1),
(215, 11, 23.75, 13, '00:00:34', 0, 0),
(216, 11, 18.14, NULL, '00:00:36', 1, 0),
(217, 12, 5.48, 10, '00:00:01', 1, 0),
(218, 12, 20.75, NULL, '00:00:03', 0, 0),
(219, 12, 17.00, NULL, '00:00:05', 1, 1),
(220, 12, 17.00, NULL, '00:00:07', 1, 1),
(221, 12, 21.17, 11, '00:00:09', 0, 0),
(222, 12, 12.07, 12, '00:00:11', 1, 0),
(223, 12, 7.84, 13, '00:00:13', 1, 0),
(224, 12, 24.75, 14, '00:00:15', 0, 0),
(225, 12, 20.14, 10, '00:00:17', 1, 0),
(226, 12, 13.00, NULL, '00:00:19', 1, 1),
(227, 12, 13.00, NULL, '00:00:21', 0, 1),
(228, 12, 25.52, NULL, '00:00:23', 0, 0),
(229, 12, 9.77, 11, '00:00:25', 1, 0),
(230, 12, 20.75, 12, '00:00:27', 0, 0),
(231, 12, 17.00, NULL, '00:00:29', 1, 1),
(232, 12, 17.00, NULL, '00:00:31', 1, 1),
(233, 12, 24.75, 13, '00:00:33', 0, 0),
(234, 12, 19.14, NULL, '00:00:35', 1, 0),
(235, 13, 6.48, 10, '00:00:02', 1, 0),
(236, 13, 19.75, NULL, '00:00:04', 0, 0),
(237, 13, 18.00, NULL, '00:00:06', 1, 1),
(238, 13, 18.00, NULL, '00:00:08', 1, 1),
(239, 13, 22.17, 11, '00:00:10', 0, 0),
(240, 13, 11.07, 12, '00:00:12', 1, 0),
(241, 13, 8.84, 13, '00:00:14', 1, 0),
(242, 13, 23.75, 14, '00:00:16', 0, 0),
(243, 13, 21.14, 10, '00:00:18', 1, 0),
(244, 13, 12.00, NULL, '00:00:20', 1, 1),
(245, 13, 12.00, NULL, '00:00:22', 0, 1),
(246, 13, 24.52, NULL, '00:00:24', 0, 0),
(247, 13, 10.77, 11, '00:00:26', 1, 0),
(248, 13, 19.75, 12, '00:00:28', 0, 0),
(249, 13, 18.00, NULL, '00:00:30', 1, 1),
(250, 13, 18.00, NULL, '00:00:32', 1, 1),
(251, 13, 23.75, 13, '00:00:34', 0, 0),
(252, 13, 20.14, NULL, '00:00:36', 1, 0),
(253, 14, 7.48, 10, '00:00:01', 1, 0),
(254, 14, 18.75, NULL, '00:00:03', 0, 0),
(255, 14, 19.00, NULL, '00:00:05', 1, 1),
(256, 14, 19.00, NULL, '00:00:07', 1, 1),
(257, 14, 23.17, 11, '00:00:09', 0, 0),
(258, 14, 10.07, 12, '00:00:11', 1, 0),
(259, 14, 9.84, 13, '00:00:13', 1, 0),
(260, 14, 22.75, 14, '00:00:15', 0, 0),
(261, 14, 22.14, 10, '00:00:17', 1, 0),
(262, 14, 11.00, NULL, '00:00:19', 1, 1),
(263, 14, 11.00, NULL, '00:00:21', 0, 1),
(264, 14, 23.52, NULL, '00:00:23', 0, 0),
(265, 14, 11.77, 11, '00:00:25', 1, 0),
(266, 14, 18.75, 12, '00:00:27', 0, 0),
(267, 14, 19.00, NULL, '00:00:29', 1, 1),
(268, 14, 19.00, NULL, '00:00:31', 1, 1),
(269, 14, 22.75, 13, '00:00:33', 0, 0),
(270, 14, 21.14, NULL, '00:00:35', 1, 0),
(271, 15, 3.48, 5, '00:00:01', 1, 0),
(272, 15, 22.75, NULL, '00:00:03', 1, 0),
(273, 15, 15.00, NULL, '00:00:05', 1, 1),
(274, 15, 15.00, NULL, '00:00:07', 1, 1),
(275, 15, 19.17, 6, '00:00:09', 1, 0),
(276, 15, 14.07, 7, '00:00:11', 0, 0),
(277, 15, 5.84, 8, '00:00:13', 1, 0),
(278, 15, 22.75, 9, '00:00:15', 0, 0),
(279, 15, 18.14, 5, '00:00:17', 1, 0),
(280, 15, 15.00, NULL, '00:00:19', 1, 1),
(281, 15, 15.00, NULL, '00:00:21', 0, 1),
(282, 15, 24.52, NULL, '00:00:23', 1, 0),
(283, 15, 7.77, 6, '00:00:25', 0, 0),
(284, 15, 22.75, 7, '00:00:27', 1, 0),
(285, 15, 15.00, NULL, '00:00:29', 1, 1),
(286, 15, 15.00, NULL, '00:00:31', 1, 1),
(287, 15, 22.75, 8, '00:00:33', 0, 0),
(288, 15, 17.14, NULL, '00:00:35', 1, 0),
(289, 16, 4.12, 5, '00:00:02', 1, 0),
(290, 16, 21.45, NULL, '00:00:04', 0, 0),
(291, 16, 16.00, NULL, '00:00:06', 1, 1),
(292, 16, 16.00, NULL, '00:00:08', 1, 1),
(293, 16, 20.17, 6, '00:00:10', 0, 0),
(294, 16, 13.07, 7, '00:00:12', 1, 0),
(295, 16, 6.84, 8, '00:00:14', 1, 0),
(296, 16, 23.75, 9, '00:00:16', 0, 0),
(297, 16, 19.14, 5, '00:00:18', 1, 0),
(298, 16, 14.00, NULL, '00:00:20', 1, 1),
(299, 16, 14.00, NULL, '00:00:22', 0, 1),
(300, 16, 24.52, NULL, '00:00:24', 0, 0),
(301, 16, 8.77, 6, '00:00:26', 1, 0),
(302, 16, 21.75, 7, '00:00:28', 0, 0),
(303, 16, 16.00, NULL, '00:00:30', 1, 1),
(304, 16, 16.00, NULL, '00:00:32', 1, 1),
(305, 16, 23.75, 8, '00:00:34', 0, 0),
(306, 16, 18.14, NULL, '00:00:36', 1, 0),
(307, 17, 5.48, 5, '00:00:01', 1, 0),
(308, 17, 20.75, NULL, '00:00:03', 0, 0),
(309, 17, 17.00, NULL, '00:00:05', 1, 1),
(310, 17, 17.00, NULL, '00:00:07', 1, 1),
(311, 17, 21.17, 6, '00:00:09', 0, 0),
(312, 17, 12.07, 7, '00:00:11', 1, 0),
(313, 17, 7.84, 8, '00:00:13', 1, 0),
(314, 17, 24.75, 9, '00:00:15', 0, 0),
(315, 17, 20.14, 5, '00:00:17', 1, 0),
(316, 17, 13.00, NULL, '00:00:19', 1, 1),
(317, 17, 13.00, NULL, '00:00:21', 0, 1),
(318, 17, 25.52, NULL, '00:00:23', 0, 0),
(319, 17, 9.77, 6, '00:00:25', 1, 0),
(320, 17, 20.75, 7, '00:00:27', 0, 0),
(321, 17, 17.00, NULL, '00:00:29', 1, 1),
(322, 17, 17.00, NULL, '00:00:31', 1, 1),
(323, 17, 24.75, 8, '00:00:33', 0, 0),
(324, 17, 19.14, NULL, '00:00:35', 1, 0),
(325, 18, 6.48, 5, '00:00:02', 1, 0),
(326, 18, 19.75, NULL, '00:00:04', 0, 0),
(327, 18, 18.00, NULL, '00:00:06', 1, 1),
(328, 18, 18.00, NULL, '00:00:08', 1, 1),
(329, 18, 22.17, 6, '00:00:10', 0, 0),
(330, 18, 11.07, 7, '00:00:12', 1, 0),
(331, 18, 8.84, 8, '00:00:14', 1, 0),
(332, 18, 23.75, 9, '00:00:16', 0, 0),
(333, 18, 21.14, 5, '00:00:18', 1, 0),
(334, 18, 12.00, NULL, '00:00:20', 1, 1),
(335, 18, 12.00, NULL, '00:00:22', 0, 1),
(336, 18, 24.52, NULL, '00:00:24', 0, 0),
(337, 18, 10.77, 6, '00:00:26', 1, 0),
(338, 18, 19.75, 7, '00:00:28', 0, 0),
(339, 18, 18.00, NULL, '00:00:30', 1, 1),
(340, 18, 18.00, NULL, '00:00:32', 1, 1),
(341, 18, 23.75, 8, '00:00:34', 0, 0),
(342, 18, 20.14, NULL, '00:00:36', 1, 0),
(343, 19, 7.48, 5, '00:00:01', 1, 0),
(344, 19, 18.75, NULL, '00:00:03', 0, 0),
(345, 19, 19.00, NULL, '00:00:05', 1, 1),
(346, 19, 19.00, NULL, '00:00:07', 1, 1),
(347, 19, 23.17, 6, '00:00:09', 0, 0),
(348, 19, 10.07, 7, '00:00:11', 1, 0),
(349, 19, 9.84, 8, '00:00:13', 1, 0),
(350, 19, 22.75, 9, '00:00:15', 0, 0),
(351, 19, 22.14, 5, '00:00:17', 1, 0),
(352, 19, 11.00, NULL, '00:00:19', 1, 1),
(353, 19, 11.00, NULL, '00:00:21', 0, 1),
(354, 19, 23.52, NULL, '00:00:23', 0, 0),
(355, 19, 11.77, 6, '00:00:25', 1, 0),
(356, 19, 18.75, 7, '00:00:27', 0, 0),
(357, 19, 19.00, NULL, '00:00:29', 1, 1),
(358, 19, 19.00, NULL, '00:00:31', 1, 1),
(359, 19, 22.75, 8, '00:00:33', 0, 0),
(360, 19, 21.14, NULL, '00:00:35', 1, 0),
(361, 20, 7.48, 30, '00:00:01', 1, 0),
(362, 20, 18.75, NULL, '00:00:03', 0, 0),
(363, 20, 19.00, NULL, '00:00:05', 1, 1),
(364, 20, 19.00, NULL, '00:00:07', 1, 1),
(365, 20, 23.17, 31, '00:00:09', 0, 0),
(366, 20, 10.07, 32, '00:00:11', 1, 0),
(367, 20, 9.84, 33, '00:00:13', 1, 0),
(368, 20, 24.75, 34, '00:00:15', 0, 0),
(369, 20, 22.14, 30, '00:00:17', 1, 0),
(370, 20, 11.00, NULL, '00:00:19', 1, 1),
(371, 20, 11.00, NULL, '00:00:21', 0, 1),
(372, 20, 24.52, NULL, '00:00:23', 0, 0),
(373, 20, 11.77, 31, '00:00:25', 1, 0),
(374, 20, 18.75, 32, '00:00:27', 0, 0),
(375, 20, 19.00, NULL, '00:00:29', 1, 1),
(376, 20, 19.00, NULL, '00:00:31', 1, 1),
(377, 20, 24.75, 33, '00:00:33', 0, 0),
(378, 20, 21.14, NULL, '00:00:35', 1, 0),
(379, 21, 7.48, 31, '00:00:01', 1, 0),
(380, 21, 18.75, NULL, '00:00:03', 0, 0),
(381, 21, 19.00, NULL, '00:00:05', 1, 1),
(382, 21, 19.00, NULL, '00:00:07', 1, 1),
(383, 21, 23.17, 32, '00:00:09', 0, 0),
(384, 21, 10.07, 33, '00:00:11', 1, 0),
(385, 21, 9.84, 34, '00:00:13', 1, 0),
(386, 21, 24.75, 30, '00:00:15', 0, 0),
(387, 21, 22.14, 31, '00:00:17', 1, 0),
(388, 21, 11.00, NULL, '00:00:19', 1, 1),
(389, 21, 11.00, NULL, '00:00:21', 0, 1),
(390, 21, 24.52, NULL, '00:00:23', 0, 0),
(391, 21, 11.77, 32, '00:00:25', 1, 0),
(392, 21, 18.75, 33, '00:00:27', 0, 0),
(393, 21, 19.00, NULL, '00:00:29', 1, 1),
(394, 21, 19.00, NULL, '00:00:31', 1, 1),
(395, 21, 24.75, 34, '00:00:33', 0, 0),
(396, 21, 21.14, NULL, '00:00:35', 1, 0),
(397, 22, 7.48, 32, '00:00:01', 1, 0),
(398, 22, 18.75, NULL, '00:00:03', 0, 0),
(399, 22, 19.00, NULL, '00:00:05', 1, 1),
(400, 22, 19.00, NULL, '00:00:07', 1, 1),
(401, 22, 23.17, 33, '00:00:09', 0, 0),
(402, 22, 10.07, 34, '00:00:11', 1, 0),
(403, 22, 9.84, 30, '00:00:13', 1, 0),
(404, 22, 24.75, 31, '00:00:15', 0, 0),
(405, 22, 22.14, 32, '00:00:17', 1, 0),
(406, 22, 11.00, NULL, '00:00:19', 1, 1),
(407, 22, 11.00, NULL, '00:00:21', 0, 1),
(408, 22, 24.52, NULL, '00:00:23', 0, 0),
(409, 22, 11.77, 33, '00:00:25', 1, 0),
(410, 22, 18.75, 34, '00:00:27', 0, 0),
(411, 22, 19.00, NULL, '00:00:29', 1, 1),
(412, 22, 19.00, NULL, '00:00:31', 1, 1),
(413, 22, 24.75, 30, '00:00:33', 0, 0),
(414, 22, 21.14, NULL, '00:00:35', 1, 0),
(415, 23, 7.48, 33, '00:00:01', 1, 0),
(416, 23, 18.75, NULL, '00:00:03', 0, 0),
(417, 23, 19.00, NULL, '00:00:05', 1, 1),
(418, 23, 19.00, NULL, '00:00:07', 1, 1),
(419, 23, 23.17, 34, '00:00:09', 0, 0),
(420, 23, 10.07, 30, '00:00:11', 1, 0),
(421, 23, 9.84, 31, '00:00:13', 1, 0),
(422, 23, 24.75, 32, '00:00:15', 0, 0),
(423, 23, 22.14, 33, '00:00:17', 1, 0),
(424, 23, 11.00, NULL, '00:00:19', 1, 1),
(425, 23, 11.00, NULL, '00:00:21', 0, 1),
(426, 23, 24.52, NULL, '00:00:23', 0, 0),
(427, 23, 11.77, 34, '00:00:25', 1, 0),
(428, 23, 18.75, 30, '00:00:27', 0, 0),
(429, 23, 19.00, NULL, '00:00:29', 1, 1),
(430, 23, 19.00, NULL, '00:00:31', 1, 1),
(431, 23, 24.75, 32, '00:00:33', 0, 0),
(432, 23, 21.14, NULL, '00:00:35', 1, 0),
(433, 24, 7.48, 31, '00:00:01', 1, 0),
(434, 24, 18.75, NULL, '00:00:03', 0, 0),
(435, 24, 19.00, NULL, '00:00:05', 1, 1),
(436, 24, 19.00, NULL, '00:00:07', 1, 1),
(437, 24, 23.17, 32, '00:00:09', 0, 0),
(438, 24, 10.07, 33, '00:00:11', 1, 0),
(439, 24, 9.84, 34, '00:00:13', 1, 0),
(440, 24, 24.75, 30, '00:00:15', 0, 0),
(441, 24, 22.14, 31, '00:00:17', 1, 0),
(442, 24, 11.00, NULL, '00:00:19', 1, 1),
(443, 24, 11.00, NULL, '00:00:21', 0, 1),
(444, 24, 24.52, NULL, '00:00:23', 0, 0),
(445, 24, 11.77, 32, '00:00:25', 1, 0),
(446, 24, 18.75, 33, '00:00:27', 0, 0),
(447, 24, 19.00, NULL, '00:00:29', 1, 1),
(448, 24, 19.00, NULL, '00:00:31', 1, 1),
(449, 24, 24.75, 34, '00:00:33', 0, 0),
(450, 24, 21.14, NULL, '00:00:35', 1, 0),
(451, 25, 7.48, 45, '00:00:01', 1, 0),
(452, 25, 18.75, NULL, '00:00:03', 0, 0),
(453, 25, 19.00, NULL, '00:00:05', 1, 1),
(454, 25, 19.00, NULL, '00:00:07', 1, 1),
(455, 25, 23.17, 46, '00:00:09', 0, 0),
(456, 25, 10.07, 47, '00:00:11', 1, 0),
(457, 25, 9.84, 48, '00:00:13', 1, 0),
(458, 25, 24.75, 49, '00:00:15', 0, 0),
(459, 25, 22.14, 45, '00:00:17', 1, 0),
(460, 25, 11.00, NULL, '00:00:19', 1, 1),
(461, 25, 11.00, NULL, '00:00:21', 0, 1),
(462, 25, 24.52, NULL, '00:00:23', 0, 0),
(463, 25, 11.77, 46, '00:00:25', 1, 0),
(464, 25, 18.75, 47, '00:00:27', 0, 0),
(465, 25, 19.00, NULL, '00:00:29', 1, 1),
(466, 25, 19.00, NULL, '00:00:31', 1, 1),
(467, 25, 24.75, 48, '00:00:33', 0, 0),
(468, 25, 21.14, NULL, '00:00:35', 1, 0),
(469, 26, 7.48, 46, '00:00:01', 1, 0),
(470, 26, 18.75, NULL, '00:00:03', 0, 0),
(471, 26, 19.00, NULL, '00:00:05', 1, 1),
(472, 26, 19.00, NULL, '00:00:07', 1, 1),
(473, 26, 23.17, 47, '00:00:09', 0, 0),
(474, 26, 10.07, 48, '00:00:11', 1, 0),
(475, 26, 9.84, 49, '00:00:13', 1, 0),
(476, 26, 24.75, 45, '00:00:15', 0, 0),
(477, 26, 22.14, 46, '00:00:17', 1, 0),
(478, 26, 11.00, NULL, '00:00:19', 1, 1),
(479, 26, 11.00, NULL, '00:00:21', 0, 1),
(480, 26, 24.52, NULL, '00:00:23', 0, 0),
(481, 26, 11.77, 47, '00:00:25', 1, 0),
(482, 26, 18.75, 48, '00:00:27', 0, 0),
(483, 26, 19.00, NULL, '00:00:29', 1, 1),
(484, 26, 19.00, NULL, '00:00:31', 1, 1),
(485, 26, 24.75, 49, '00:00:33', 0, 0),
(486, 26, 21.14, NULL, '00:00:35', 1, 0),
(487, 27, 7.48, 47, '00:00:01', 1, 0),
(488, 27, 18.75, NULL, '00:00:03', 0, 0),
(489, 27, 19.00, NULL, '00:00:05', 1, 1),
(490, 27, 19.00, NULL, '00:00:07', 1, 1),
(491, 27, 23.17, 48, '00:00:09', 0, 0),
(492, 27, 10.07, 49, '00:00:11', 1, 0),
(493, 27, 9.84, 45, '00:00:13', 1, 0),
(494, 27, 24.75, 46, '00:00:15', 0, 0),
(495, 27, 22.14, 47, '00:00:17', 1, 0),
(496, 27, 11.00, NULL, '00:00:19', 1, 1),
(497, 27, 11.00, NULL, '00:00:21', 0, 1),
(498, 27, 24.52, NULL, '00:00:23', 0, 0),
(499, 27, 11.77, 48, '00:00:25', 1, 0),
(500, 27, 18.75, 49, '00:00:27', 0, 0),
(501, 27, 19.00, NULL, '00:00:29', 1, 1),
(502, 27, 19.00, NULL, '00:00:31', 1, 1),
(503, 27, 24.75, 45, '00:00:33', 0, 0),
(504, 27, 21.14, NULL, '00:00:35', 1, 0),
(505, 28, 7.48, 48, '00:00:01', 1, 0),
(506, 28, 18.75, NULL, '00:00:03', 0, 0),
(507, 28, 19.00, NULL, '00:00:05', 1, 1),
(508, 28, 19.00, NULL, '00:00:07', 1, 1),
(509, 28, 23.17, 49, '00:00:09', 0, 0),
(510, 28, 10.07, 45, '00:00:11', 1, 0),
(511, 28, 9.84, 46, '00:00:13', 1, 0),
(512, 28, 24.75, 47, '00:00:15', 0, 0),
(513, 28, 22.14, 48, '00:00:17', 1, 0),
(514, 28, 11.00, NULL, '00:00:19', 1, 1),
(515, 28, 11.00, NULL, '00:00:21', 0, 1),
(516, 28, 24.52, NULL, '00:00:23', 0, 0),
(517, 28, 11.77, 49, '00:00:25', 1, 0),
(518, 28, 18.75, 45, '00:00:27', 0, 0),
(519, 28, 19.00, NULL, '00:00:29', 1, 1),
(520, 28, 19.00, NULL, '00:00:31', 1, 1),
(521, 28, 24.75, 46, '00:00:33', 0, 0),
(522, 28, 21.14, NULL, '00:00:35', 1, 0),
(523, 29, 7.48, 49, '00:00:01', 1, 0),
(524, 29, 18.75, NULL, '00:00:03', 0, 0),
(525, 29, 19.00, NULL, '00:00:05', 1, 1),
(526, 29, 19.00, NULL, '00:00:07', 1, 1),
(527, 29, 23.17, 45, '00:00:09', 0, 0),
(528, 29, 10.07, 46, '00:00:11', 1, 0),
(529, 29, 9.84, 47, '00:00:13', 1, 0),
(530, 29, 24.75, 48, '00:00:15', 0, 0),
(531, 29, 22.14, 49, '00:00:17', 1, 0),
(532, 29, 11.00, NULL, '00:00:19', 1, 1),
(533, 29, 11.00, NULL, '00:00:21', 0, 1),
(534, 29, 24.52, NULL, '00:00:23', 0, 0),
(535, 29, 11.77, 45, '00:00:25', 1, 0),
(536, 29, 18.75, 46, '00:00:27', 0, 0),
(537, 29, 19.00, NULL, '00:00:29', 1, 1),
(538, 29, 19.00, NULL, '00:00:31', 1, 1),
(539, 29, 24.75, 47, '00:00:33', 0, 0),
(540, 29, 21.14, NULL, '00:00:35', 1, 0),
(541, 30, 7.48, 20, '00:00:01', 1, 0),
(542, 30, 18.75, NULL, '00:00:03', 0, 0),
(543, 30, 19.00, NULL, '00:00:05', 1, 1),
(544, 30, 19.00, NULL, '00:00:07', 1, 1),
(545, 30, 23.17, 21, '00:00:09', 0, 0),
(546, 30, 10.07, 22, '00:00:11', 1, 0),
(547, 30, 9.84, 23, '00:00:13', 1, 0),
(548, 30, 24.75, 24, '00:00:15', 0, 0),
(549, 30, 22.14, 20, '00:00:17', 1, 0),
(550, 30, 11.00, NULL, '00:00:19', 1, 1),
(551, 30, 11.00, NULL, '00:00:21', 0, 1),
(552, 30, 24.52, NULL, '00:00:23', 0, 0),
(553, 30, 11.77, 21, '00:00:25', 1, 0),
(554, 30, 18.75, 22, '00:00:27', 0, 0),
(555, 30, 19.00, NULL, '00:00:29', 1, 1),
(556, 30, 19.00, NULL, '00:00:31', 1, 1),
(557, 30, 24.75, 23, '00:00:33', 0, 0),
(558, 30, 21.14, NULL, '00:00:35', 1, 0),
(559, 31, 7.48, 21, '00:00:01', 1, 0),
(560, 31, 18.75, NULL, '00:00:03', 0, 0),
(561, 31, 19.00, NULL, '00:00:05', 1, 1),
(562, 31, 19.00, NULL, '00:00:07', 1, 1),
(563, 31, 23.17, 22, '00:00:09', 0, 0),
(564, 31, 10.07, 23, '00:00:11', 1, 0),
(565, 31, 9.84, 24, '00:00:13', 1, 0),
(566, 31, 24.75, 20, '00:00:15', 0, 0),
(567, 31, 22.14, 21, '00:00:17', 1, 0),
(568, 31, 11.00, NULL, '00:00:19', 1, 1),
(569, 31, 11.00, NULL, '00:00:21', 0, 1),
(570, 31, 24.52, NULL, '00:00:23', 0, 0),
(571, 31, 11.77, 22, '00:00:25', 1, 0),
(572, 31, 18.75, 23, '00:00:27', 0, 0),
(573, 31, 19.00, NULL, '00:00:29', 1, 1),
(574, 31, 19.00, NULL, '00:00:31', 1, 1),
(575, 31, 24.75, 24, '00:00:33', 0, 0),
(576, 31, 21.14, NULL, '00:00:35', 1, 0),
(577, 32, 7.48, 22, '00:00:01', 1, 0),
(578, 32, 18.75, NULL, '00:00:03', 0, 0),
(579, 32, 19.00, NULL, '00:00:05', 1, 1),
(580, 32, 19.00, NULL, '00:00:07', 1, 1),
(581, 32, 23.17, 23, '00:00:09', 0, 0),
(582, 32, 10.07, 24, '00:00:11', 1, 0),
(583, 32, 9.84, 20, '00:00:13', 1, 0),
(584, 32, 24.75, 21, '00:00:15', 0, 0),
(585, 32, 22.14, 22, '00:00:17', 1, 0),
(586, 32, 11.00, NULL, '00:00:19', 1, 1),
(587, 32, 11.00, NULL, '00:00:21', 0, 1),
(588, 32, 24.52, NULL, '00:00:23', 0, 0),
(589, 32, 11.77, 23, '00:00:25', 1, 0),
(590, 32, 18.75, 24, '00:00:27', 0, 0),
(591, 32, 19.00, NULL, '00:00:29', 1, 1),
(592, 32, 19.00, NULL, '00:00:31', 1, 1),
(593, 32, 24.75, 20, '00:00:33', 0, 0),
(594, 32, 21.14, NULL, '00:00:35', 1, 0),
(595, 33, 7.48, 23, '00:00:01', 1, 0),
(596, 33, 18.75, NULL, '00:00:03', 0, 0),
(597, 33, 19.00, NULL, '00:00:05', 1, 1),
(598, 33, 19.00, NULL, '00:00:07', 1, 1),
(599, 33, 23.17, 24, '00:00:09', 0, 0),
(600, 33, 10.07, 20, '00:00:11', 1, 0),
(601, 33, 9.84, 21, '00:00:13', 1, 0),
(602, 33, 24.75, 22, '00:00:15', 0, 0),
(603, 33, 22.14, 23, '00:00:17', 1, 0),
(604, 33, 11.00, NULL, '00:00:19', 1, 1),
(605, 33, 11.00, NULL, '00:00:21', 0, 1),
(606, 33, 24.52, NULL, '00:00:23', 0, 0),
(607, 33, 11.77, 24, '00:00:25', 1, 0),
(608, 33, 18.75, 20, '00:00:27', 0, 0),
(609, 33, 19.00, NULL, '00:00:29', 1, 1),
(610, 33, 19.00, NULL, '00:00:31', 1, 1),
(611, 33, 24.75, 21, '00:00:33', 0, 0),
(612, 33, 21.14, NULL, '00:00:35', 1, 0),
(613, 34, 7.48, 24, '00:00:01', 1, 0),
(614, 34, 18.75, NULL, '00:00:03', 0, 0),
(615, 34, 19.00, NULL, '00:00:05', 1, 1),
(616, 34, 19.00, NULL, '00:00:07', 1, 1),
(617, 34, 23.17, 20, '00:00:09', 0, 0),
(618, 34, 10.07, 21, '00:00:11', 1, 0),
(619, 34, 9.84, 22, '00:00:13', 1, 0),
(620, 34, 24.75, 23, '00:00:15', 0, 0),
(621, 34, 22.14, 24, '00:00:17', 1, 0),
(622, 34, 11.00, NULL, '00:00:19', 1, 1),
(623, 34, 11.00, NULL, '00:00:21', 0, 1),
(624, 34, 24.52, NULL, '00:00:23', 0, 0),
(625, 34, 11.77, 20, '00:00:25', 1, 0),
(626, 34, 18.75, 21, '00:00:27', 0, 0),
(627, 34, 19.00, NULL, '00:00:29', 1, 1),
(628, 34, 19.00, NULL, '00:00:31', 1, 1),
(629, 34, 24.75, 22, '00:00:33', 0, 0),
(630, 34, 21.14, NULL, '00:00:35', 1, 0),
(631, 35, 7.48, 0, '00:00:01', 1, 0),
(632, 35, 18.75, NULL, '00:00:03', 0, 0),
(633, 35, 19.00, NULL, '00:00:05', 1, 1),
(634, 35, 19.00, NULL, '00:00:07', 1, 1),
(635, 35, 23.17, 1, '00:00:09', 0, 0),
(636, 35, 10.07, 2, '00:00:11', 1, 0),
(637, 35, 9.84, 3, '00:00:13', 1, 0),
(638, 35, 24.75, 4, '00:00:15', 0, 0),
(639, 35, 22.14, 0, '00:00:17', 1, 0),
(640, 35, 11.00, NULL, '00:00:19', 1, 1),
(641, 35, 11.00, NULL, '00:00:21', 0, 1),
(642, 35, 24.52, NULL, '00:00:23', 0, 0),
(643, 35, 11.77, 1, '00:00:25', 1, 0),
(644, 35, 18.75, 2, '00:00:27', 0, 0),
(645, 35, 19.00, NULL, '00:00:29', 1, 1),
(646, 35, 19.00, NULL, '00:00:31', 1, 1),
(647, 35, 24.75, 3, '00:00:33', 0, 0),
(648, 35, 21.14, NULL, '00:00:35', 1, 0),
(649, 36, 7.48, 1, '00:00:01', 1, 0),
(650, 36, 18.75, NULL, '00:00:03', 0, 0),
(651, 36, 19.00, NULL, '00:00:05', 1, 1),
(652, 36, 19.00, NULL, '00:00:07', 1, 1),
(653, 36, 23.17, 2, '00:00:09', 0, 0),
(654, 36, 10.07, 3, '00:00:11', 1, 0),
(655, 36, 9.84, 4, '00:00:13', 1, 0),
(656, 36, 24.75, 0, '00:00:15', 0, 0),
(657, 36, 22.14, 1, '00:00:17', 1, 0),
(658, 36, 11.00, NULL, '00:00:19', 1, 1),
(659, 36, 11.00, NULL, '00:00:21', 0, 1),
(660, 36, 24.52, NULL, '00:00:23', 0, 0),
(661, 36, 11.77, 2, '00:00:25', 1, 0),
(662, 36, 18.75, 3, '00:00:27', 0, 0),
(663, 36, 19.00, NULL, '00:00:29', 1, 1),
(664, 36, 19.00, NULL, '00:00:31', 1, 1),
(665, 36, 24.75, 4, '00:00:33', 0, 0),
(666, 36, 21.14, NULL, '00:00:35', 1, 0),
(667, 37, 7.48, 2, '00:00:01', 1, 0),
(668, 37, 18.75, NULL, '00:00:03', 0, 0),
(669, 37, 19.00, NULL, '00:00:05', 1, 1),
(670, 37, 19.00, NULL, '00:00:07', 1, 1),
(671, 37, 23.17, 3, '00:00:09', 0, 0),
(672, 37, 10.07, 4, '00:00:11', 1, 0),
(673, 37, 9.84, 0, '00:00:13', 1, 0),
(674, 37, 24.75, 1, '00:00:15', 0, 0),
(675, 37, 22.14, 2, '00:00:17', 1, 0),
(676, 37, 11.00, NULL, '00:00:19', 1, 1),
(677, 37, 11.00, NULL, '00:00:21', 0, 1),
(678, 37, 24.52, NULL, '00:00:23', 0, 0),
(679, 37, 11.77, 3, '00:00:25', 1, 0),
(680, 37, 18.75, 4, '00:00:27', 0, 0),
(681, 37, 19.00, NULL, '00:00:29', 1, 1),
(682, 37, 19.00, NULL, '00:00:31', 1, 1),
(683, 37, 24.75, 0, '00:00:33', 0, 0),
(684, 37, 21.14, NULL, '00:00:35', 1, 0),
(685, 38, 7.48, 3, '00:00:01', 1, 0),
(686, 38, 18.75, NULL, '00:00:03', 0, 0),
(687, 38, 19.00, NULL, '00:00:05', 1, 1),
(688, 38, 19.00, NULL, '00:00:07', 1, 1),
(689, 38, 23.17, 4, '00:00:09', 0, 0),
(690, 38, 10.07, 0, '00:00:11', 1, 0),
(691, 38, 9.84, 1, '00:00:13', 1, 0),
(692, 38, 24.75, 2, '00:00:15', 0, 0),
(693, 38, 22.14, 3, '00:00:17', 1, 0),
(694, 38, 11.00, NULL, '00:00:19', 1, 1),
(695, 38, 11.00, NULL, '00:00:21', 0, 1),
(696, 38, 24.52, NULL, '00:00:23', 0, 0),
(697, 38, 11.77, 4, '00:00:25', 1, 0),
(698, 38, 18.75, 0, '00:00:27', 0, 0),
(699, 38, 19.00, NULL, '00:00:29', 1, 1),
(700, 38, 19.00, NULL, '00:00:31', 1, 1),
(701, 38, 24.75, 1, '00:00:33', 0, 0),
(702, 38, 21.14, NULL, '00:00:35', 1, 0),
(703, 39, 7.48, 4, '00:00:01', 1, 0),
(704, 39, 18.75, NULL, '00:00:03', 0, 0),
(705, 39, 19.00, NULL, '00:00:05', 1, 1),
(706, 39, 19.00, NULL, '00:00:07', 1, 1),
(707, 39, 23.17, 0, '00:00:09', 0, 0),
(708, 39, 10.07, 1, '00:00:11', 1, 0),
(709, 39, 9.84, 2, '00:00:13', 1, 0),
(710, 39, 24.75, 3, '00:00:15', 0, 0),
(711, 39, 22.14, 4, '00:00:17', 1, 0),
(712, 39, 11.00, NULL, '00:00:19', 1, 1),
(713, 39, 11.00, NULL, '00:00:21', 0, 1),
(714, 39, 24.52, NULL, '00:00:23', 0, 0),
(715, 39, 11.77, 0, '00:00:25', 1, 0),
(716, 39, 18.75, 1, '00:00:27', 0, 0),
(717, 39, 19.00, NULL, '00:00:29', 1, 1),
(718, 39, 19.00, NULL, '00:00:31', 1, 1),
(719, 39, 24.75, 2, '00:00:33', 0, 0),
(720, 39, 21.14, NULL, '00:00:35', 1, 0),
(721, 40, 7.48, 40, '00:00:01', 1, 0),
(722, 40, 18.75, NULL, '00:00:03', 0, 0),
(723, 40, 19.00, NULL, '00:00:05', 1, 1),
(724, 40, 19.00, NULL, '00:00:07', 1, 1),
(725, 40, 23.17, 41, '00:00:09', 0, 0),
(726, 40, 10.07, 42, '00:00:11', 1, 0),
(727, 40, 9.84, 43, '00:00:13', 1, 0),
(728, 40, 24.75, 44, '00:00:15', 0, 0),
(729, 40, 22.14, 40, '00:00:17', 1, 0),
(730, 40, 11.00, NULL, '00:00:19', 1, 1),
(731, 40, 11.00, NULL, '00:00:21', 0, 1),
(732, 40, 24.52, NULL, '00:00:23', 0, 0),
(733, 40, 11.77, 41, '00:00:25', 1, 0),
(734, 40, 18.75, 42, '00:00:27', 0, 0),
(735, 40, 19.00, NULL, '00:00:29', 1, 1),
(736, 40, 19.00, NULL, '00:00:31', 1, 1),
(737, 40, 24.75, 43, '00:00:33', 0, 0),
(738, 40, 21.14, NULL, '00:00:35', 1, 0),
(739, 41, 7.48, 41, '00:00:01', 1, 0),
(740, 41, 18.75, NULL, '00:00:03', 0, 0),
(741, 41, 19.00, NULL, '00:00:05', 1, 1),
(742, 41, 19.00, NULL, '00:00:07', 1, 1),
(743, 41, 23.17, 42, '00:00:09', 0, 0),
(744, 41, 10.07, 43, '00:00:11', 1, 0),
(745, 41, 9.84, 44, '00:00:13', 1, 0),
(746, 41, 24.75, 40, '00:00:15', 0, 0),
(747, 41, 22.14, 41, '00:00:17', 1, 0),
(748, 41, 11.00, NULL, '00:00:19', 1, 1),
(749, 41, 11.00, NULL, '00:00:21', 0, 1),
(750, 41, 24.52, NULL, '00:00:23', 0, 0),
(751, 41, 11.77, 42, '00:00:25', 1, 0),
(752, 41, 18.75, 43, '00:00:27', 0, 0),
(753, 41, 19.00, NULL, '00:00:29', 1, 1),
(754, 41, 19.00, NULL, '00:00:31', 1, 1),
(755, 41, 24.75, 44, '00:00:33', 0, 0),
(756, 41, 21.14, NULL, '00:00:35', 1, 0),
(757, 42, 7.48, 42, '00:00:01', 1, 0),
(758, 42, 18.75, NULL, '00:00:03', 0, 0),
(759, 42, 19.00, NULL, '00:00:05', 1, 1),
(760, 42, 19.00, NULL, '00:00:07', 1, 1),
(761, 42, 23.17, 43, '00:00:09', 0, 0),
(762, 42, 10.07, 44, '00:00:11', 1, 0),
(763, 42, 9.84, 40, '00:00:13', 1, 0),
(764, 42, 24.75, 41, '00:00:15', 0, 0),
(765, 42, 22.14, 42, '00:00:17', 1, 0),
(766, 42, 11.00, NULL, '00:00:19', 1, 1),
(767, 42, 11.00, NULL, '00:00:21', 0, 1),
(768, 42, 24.52, NULL, '00:00:23', 0, 0),
(769, 42, 11.77, 43, '00:00:25', 1, 0),
(770, 42, 18.75, 44, '00:00:27', 0, 0),
(771, 42, 19.00, NULL, '00:00:29', 1, 1),
(772, 42, 19.00, NULL, '00:00:31', 1, 1),
(773, 42, 24.75, 40, '00:00:33', 0, 0),
(774, 42, 21.14, NULL, '00:00:35', 1, 0),
(775, 43, 7.48, 43, '00:00:01', 1, 0),
(776, 43, 18.75, NULL, '00:00:03', 0, 0),
(777, 43, 19.00, NULL, '00:00:05', 1, 1),
(778, 43, 19.00, NULL, '00:00:07', 1, 1),
(779, 43, 23.17, 44, '00:00:09', 0, 0),
(780, 43, 10.07, 40, '00:00:11', 1, 0),
(781, 43, 9.84, 41, '00:00:13', 1, 0),
(782, 43, 24.75, 42, '00:00:15', 0, 0),
(783, 43, 22.14, 43, '00:00:17', 1, 0),
(784, 43, 11.00, NULL, '00:00:19', 1, 1),
(785, 43, 11.00, NULL, '00:00:21', 0, 1),
(786, 43, 24.52, NULL, '00:00:23', 0, 0),
(787, 43, 11.77, 44, '00:00:25', 1, 0),
(788, 43, 18.75, 40, '00:00:27', 0, 0),
(789, 43, 19.00, NULL, '00:00:29', 1, 1),
(790, 43, 19.00, NULL, '00:00:31', 1, 1),
(791, 43, 24.75, 41, '00:00:33', 0, 0),
(792, 43, 21.14, NULL, '00:00:35', 1, 0),
(793, 44, 7.48, 44, '00:00:01', 1, 0),
(794, 44, 18.75, NULL, '00:00:03', 0, 0),
(795, 44, 19.00, NULL, '00:00:05', 1, 1),
(796, 44, 19.00, NULL, '00:00:07', 1, 1),
(797, 44, 23.17, 40, '00:00:09', 0, 0),
(798, 44, 10.07, 41, '00:00:11', 1, 0),
(799, 44, 9.84, 42, '00:00:13', 1, 0),
(800, 44, 24.75, 43, '00:00:15', 0, 0),
(801, 44, 22.14, 44, '00:00:17', 1, 0),
(802, 44, 11.00, NULL, '00:00:19', 1, 1),
(803, 44, 11.00, NULL, '00:00:21', 0, 1),
(804, 44, 24.52, NULL, '00:00:23', 0, 0),
(805, 44, 11.77, 40, '00:00:25', 1, 0),
(806, 44, 18.75, 41, '00:00:27', 0, 0),
(807, 44, 19.00, NULL, '00:00:29', 1, 1),
(808, 44, 19.00, NULL, '00:00:31', 1, 1),
(809, 44, 24.75, 42, '00:00:33', 0, 0),
(810, 44, 21.14, NULL, '00:00:35', 1, 0),
(811, 45, 7.48, 30, '00:00:01', 1, 0),
(812, 45, 18.75, NULL, '00:00:03', 0, 0),
(813, 45, 19.00, NULL, '00:00:05', 1, 1),
(814, 45, 19.00, NULL, '00:00:07', 1, 1),
(815, 45, 23.17, 31, '00:00:09', 0, 0),
(816, 45, 10.07, 32, '00:00:11', 1, 0),
(817, 45, 9.84, 33, '00:00:13', 1, 0),
(818, 45, 24.75, 34, '00:00:15', 0, 0),
(819, 45, 22.14, 30, '00:00:17', 1, 0),
(820, 45, 11.00, NULL, '00:00:19', 1, 1),
(821, 45, 11.00, NULL, '00:00:21', 0, 1),
(822, 45, 24.52, NULL, '00:00:23', 0, 0),
(823, 45, 11.77, 31, '00:00:25', 1, 0),
(824, 45, 18.75, 32, '00:00:27', 0, 0),
(825, 45, 19.00, NULL, '00:00:29', 1, 1),
(826, 45, 19.00, NULL, '00:00:30', 1, 1),
(827, 45, 24.75, 33, '00:00:33', 0, 0),
(828, 45, 21.14, NULL, '00:00:35', 1, 0),
(829, 46, 7.48, 31, '00:00:01', 1, 0),
(830, 46, 18.75, NULL, '00:00:03', 0, 0),
(831, 46, 19.00, NULL, '00:00:05', 1, 1),
(832, 46, 19.00, NULL, '00:00:07', 1, 1),
(833, 46, 23.17, 32, '00:00:09', 0, 0),
(834, 46, 10.07, 33, '00:00:11', 1, 0),
(835, 46, 9.84, 34, '00:00:13', 1, 0),
(836, 46, 24.75, 30, '00:00:15', 0, 0),
(837, 46, 22.14, 31, '00:00:17', 1, 0),
(838, 46, 11.00, NULL, '00:00:19', 1, 1),
(839, 46, 11.00, NULL, '00:00:21', 0, 1),
(840, 46, 24.52, NULL, '00:00:23', 0, 0),
(841, 46, 11.77, 32, '00:00:25', 1, 0),
(842, 46, 18.75, 33, '00:00:27', 0, 0),
(843, 46, 19.00, NULL, '00:00:29', 1, 1),
(844, 46, 19.00, NULL, '00:00:30', 1, 1),
(845, 46, 24.75, 34, '00:00:33', 0, 0),
(846, 46, 21.14, NULL, '00:00:35', 1, 0),
(847, 47, 7.48, 32, '00:00:01', 1, 0),
(848, 47, 18.75, NULL, '00:00:03', 0, 0),
(849, 47, 19.00, NULL, '00:00:05', 1, 1),
(850, 47, 19.00, NULL, '00:00:07', 1, 1),
(851, 47, 23.17, 33, '00:00:09', 0, 0),
(852, 47, 10.07, 34, '00:00:11', 1, 0),
(853, 47, 9.84, 30, '00:00:13', 1, 0),
(854, 47, 24.75, 31, '00:00:15', 0, 0),
(855, 47, 22.14, 32, '00:00:17', 1, 0),
(856, 47, 11.00, NULL, '00:00:19', 1, 1),
(857, 47, 11.00, NULL, '00:00:21', 0, 1),
(858, 47, 24.52, NULL, '00:00:23', 0, 0),
(859, 47, 11.77, 33, '00:00:25', 1, 0),
(860, 47, 18.75, 34, '00:00:27', 0, 0),
(861, 47, 19.00, NULL, '00:00:29', 1, 1),
(862, 47, 19.00, NULL, '00:00:30', 1, 1),
(863, 47, 24.75, 30, '00:00:33', 0, 0),
(864, 47, 21.14, NULL, '00:00:35', 1, 0),
(865, 48, 7.48, 33, '00:00:01', 1, 0),
(866, 48, 18.75, NULL, '00:00:03', 0, 0),
(867, 48, 19.00, NULL, '00:00:05', 1, 1),
(868, 48, 19.00, NULL, '00:00:07', 1, 1),
(869, 48, 23.17, 34, '00:00:09', 0, 0),
(870, 48, 10.07, 30, '00:00:11', 1, 0),
(871, 48, 9.84, 31, '00:00:13', 1, 0),
(872, 48, 24.75, 32, '00:00:15', 0, 0),
(873, 48, 22.14, 33, '00:00:17', 1, 0),
(874, 48, 11.00, NULL, '00:00:19', 1, 1),
(875, 48, 11.00, NULL, '00:00:21', 0, 1),
(876, 48, 24.52, NULL, '00:00:23', 0, 0),
(877, 48, 11.77, 34, '00:00:25', 1, 0),
(878, 48, 18.75, 30, '00:00:27', 0, 0),
(879, 48, 19.00, NULL, '00:00:29', 1, 1),
(880, 48, 19.00, NULL, '00:00:30', 1, 1),
(881, 48, 24.75, 31, '00:00:33', 0, 0),
(882, 48, 21.14, NULL, '00:00:35', 1, 0),
(883, 49, 7.48, 34, '00:00:01', 1, 0),
(884, 49, 18.75, NULL, '00:00:03', 0, 0),
(885, 49, 19.00, NULL, '00:00:05', 1, 1),
(886, 49, 19.00, NULL, '00:00:07', 1, 1),
(887, 49, 23.17, 30, '00:00:09', 0, 0),
(888, 49, 10.07, 31, '00:00:11', 1, 0),
(889, 49, 9.84, 32, '00:00:13', 1, 0),
(890, 49, 24.75, 33, '00:00:15', 0, 0),
(891, 49, 22.14, 34, '00:00:17', 1, 0),
(892, 49, 11.00, NULL, '00:00:19', 1, 1),
(893, 49, 11.00, NULL, '00:00:21', 0, 1),
(894, 49, 24.52, NULL, '00:00:23', 0, 0),
(895, 49, 11.77, 30, '00:00:25', 1, 0),
(896, 49, 18.75, 31, '00:00:27', 0, 0),
(897, 49, 19.00, NULL, '00:00:29', 1, 1),
(898, 49, 19.00, NULL, '00:00:30', 1, 1),
(899, 49, 24.75, 32, '00:00:33', 0, 0),
(900, 49, 21.14, NULL, '00:00:35', 1, 0),
(901, 50, 7.48, 25, '00:00:01', 1, 0),
(902, 50, 18.75, NULL, '00:00:03', 0, 0),
(903, 50, 19.00, NULL, '00:00:05', 1, 1),
(904, 50, 19.00, NULL, '00:00:07', 1, 1),
(905, 50, 23.17, 26, '00:00:09', 0, 0),
(906, 50, 10.07, 27, '00:00:11', 1, 0),
(907, 50, 9.84, 28, '00:00:13', 1, 0),
(908, 50, 24.75, 29, '00:00:15', 0, 0),
(909, 50, 22.14, 25, '00:00:17', 1, 0),
(910, 50, 11.00, NULL, '00:00:19', 1, 1),
(911, 50, 11.00, NULL, '00:00:21', 0, 1),
(912, 50, 24.52, NULL, '00:00:23', 0, 0),
(913, 50, 11.77, 26, '00:00:25', 1, 0),
(914, 50, 18.75, 27, '00:00:27', 0, 0),
(915, 50, 19.00, NULL, '00:00:29', 1, 1),
(916, 50, 19.00, NULL, '00:00:30', 1, 1),
(917, 50, 24.75, 28, '00:00:33', 0, 0),
(918, 50, 21.14, NULL, '00:00:35', 1, 0),
(919, 51, 7.48, 26, '00:00:01', 1, 0),
(920, 51, 18.75, NULL, '00:00:03', 0, 0),
(921, 51, 19.00, NULL, '00:00:05', 1, 1),
(922, 51, 19.00, NULL, '00:00:07', 1, 1),
(923, 51, 23.17, 27, '00:00:09', 0, 0),
(924, 51, 10.07, 28, '00:00:11', 1, 0),
(925, 51, 9.84, 29, '00:00:13', 1, 0),
(926, 51, 24.75, 25, '00:00:15', 0, 0),
(927, 51, 22.14, 26, '00:00:17', 1, 0),
(928, 51, 11.00, NULL, '00:00:19', 1, 1),
(929, 51, 11.00, NULL, '00:00:21', 0, 1),
(930, 51, 24.52, NULL, '00:00:23', 0, 0),
(931, 51, 11.77, 27, '00:00:25', 1, 0),
(932, 51, 18.75, 28, '00:00:27', 0, 0),
(933, 51, 19.00, NULL, '00:00:29', 1, 1),
(934, 51, 19.00, NULL, '00:00:30', 1, 1),
(935, 51, 24.75, 29, '00:00:33', 0, 0),
(936, 51, 21.14, NULL, '00:00:35', 1, 0),
(937, 52, 7.48, 27, '00:00:01', 1, 0),
(938, 52, 18.75, NULL, '00:00:03', 0, 0),
(939, 52, 19.00, NULL, '00:00:05', 1, 1),
(940, 52, 19.00, NULL, '00:00:07', 1, 1),
(941, 52, 23.17, 28, '00:00:09', 0, 0),
(942, 52, 10.07, 29, '00:00:11', 1, 0),
(943, 52, 9.84, 25, '00:00:13', 1, 0),
(944, 52, 24.75, 26, '00:00:15', 0, 0),
(945, 52, 22.14, 27, '00:00:17', 1, 0),
(946, 52, 11.00, NULL, '00:00:19', 1, 1),
(947, 52, 11.00, NULL, '00:00:21', 0, 1),
(948, 52, 24.52, NULL, '00:00:23', 0, 0),
(949, 52, 11.77, 28, '00:00:25', 1, 0),
(950, 52, 18.75, 29, '00:00:27', 0, 0),
(951, 52, 19.00, NULL, '00:00:29', 1, 1),
(952, 52, 19.00, NULL, '00:00:30', 1, 1),
(953, 52, 24.75, 25, '00:00:33', 0, 0),
(954, 52, 21.14, NULL, '00:00:35', 1, 0),
(955, 53, 7.48, 28, '00:00:01', 1, 0),
(956, 53, 18.75, NULL, '00:00:03', 0, 0),
(957, 53, 19.00, NULL, '00:00:05', 1, 1),
(958, 53, 19.00, NULL, '00:00:07', 1, 1),
(959, 53, 23.17, 29, '00:00:09', 0, 0),
(960, 53, 10.07, 25, '00:00:11', 1, 0),
(961, 53, 9.84, 26, '00:00:13', 1, 0),
(962, 53, 24.75, 27, '00:00:15', 0, 0),
(963, 53, 22.14, 28, '00:00:17', 1, 0),
(964, 53, 11.00, NULL, '00:00:19', 1, 1),
(965, 53, 11.00, NULL, '00:00:21', 0, 1),
(966, 53, 24.52, NULL, '00:00:23', 0, 0),
(967, 53, 11.77, 29, '00:00:25', 1, 0),
(968, 53, 18.75, 25, '00:00:27', 0, 0),
(969, 53, 19.00, NULL, '00:00:29', 1, 1),
(970, 53, 19.00, NULL, '00:00:30', 1, 1),
(971, 53, 24.75, 26, '00:00:33', 0, 0),
(972, 53, 21.14, NULL, '00:00:35', 1, 0),
(973, 54, 7.48, 29, '00:00:01', 1, 0),
(974, 54, 18.75, NULL, '00:00:03', 0, 0),
(975, 54, 19.00, NULL, '00:00:05', 1, 1),
(976, 54, 19.00, NULL, '00:00:07', 1, 1),
(977, 54, 23.17, 25, '00:00:09', 0, 0),
(978, 54, 10.07, 26, '00:00:11', 1, 0),
(979, 54, 9.84, 27, '00:00:13', 1, 0),
(980, 54, 24.75, 28, '00:00:15', 0, 0),
(981, 54, 22.14, 29, '00:00:17', 1, 0),
(982, 54, 11.00, NULL, '00:00:19', 1, 1),
(983, 54, 11.00, NULL, '00:00:21', 0, 1),
(984, 54, 24.52, NULL, '00:00:23', 0, 0),
(985, 54, 11.77, 25, '00:00:25', 1, 0),
(986, 54, 18.75, 26, '00:00:27', 0, 0),
(987, 54, 19.00, NULL, '00:00:29', 1, 1),
(988, 54, 19.00, NULL, '00:00:30', 1, 1),
(989, 54, 24.75, 27, '00:00:33', 0, 0),
(990, 54, 21.14, NULL, '00:00:35', 1, 0),
(991, 55, 7.48, 35, '00:00:01', 1, 0),
(992, 55, 18.75, NULL, '00:00:03', 0, 0),
(993, 55, 19.00, NULL, '00:00:05', 1, 1),
(994, 55, 19.00, NULL, '00:00:07', 1, 1),
(995, 55, 23.17, 36, '00:00:09', 0, 0),
(996, 55, 10.07, 37, '00:00:11', 1, 0),
(997, 55, 9.84, 38, '00:00:13', 1, 0),
(998, 55, 24.75, 39, '00:00:15', 0, 0),
(999, 55, 22.14, 35, '00:00:17', 1, 0),
(1000, 55, 11.00, NULL, '00:00:19', 1, 1),
(1001, 55, 11.00, NULL, '00:00:21', 0, 1),
(1002, 55, 24.52, NULL, '00:00:23', 0, 0),
(1003, 55, 11.77, 36, '00:00:25', 1, 0),
(1004, 55, 18.75, 37, '00:00:27', 0, 0),
(1005, 55, 19.00, NULL, '00:00:29', 1, 1),
(1006, 55, 19.00, NULL, '00:00:31', 1, 1),
(1007, 55, 24.75, 38, '00:00:33', 0, 0),
(1008, 55, 21.14, NULL, '00:00:35', 1, 0),
(1009, 56, 7.48, 36, '00:00:01', 1, 0),
(1010, 56, 18.75, NULL, '00:00:03', 0, 0),
(1011, 56, 19.00, NULL, '00:00:05', 1, 1),
(1012, 56, 19.00, NULL, '00:00:07', 1, 1),
(1013, 56, 23.17, 37, '00:00:09', 0, 0),
(1014, 56, 10.07, 38, '00:00:11', 1, 0),
(1015, 56, 9.84, 39, '00:00:13', 1, 0),
(1016, 56, 24.75, 35, '00:00:15', 0, 0),
(1017, 56, 22.14, 36, '00:00:17', 1, 0),
(1018, 56, 11.00, NULL, '00:00:19', 1, 1),
(1019, 56, 11.00, NULL, '00:00:21', 0, 1),
(1020, 56, 24.52, NULL, '00:00:23', 0, 0),
(1021, 56, 11.77, 37, '00:00:25', 1, 0),
(1022, 56, 18.75, 38, '00:00:27', 0, 0),
(1023, 56, 19.00, NULL, '00:00:29', 1, 1),
(1024, 56, 19.00, NULL, '00:00:31', 1, 1),
(1025, 56, 24.75, 39, '00:00:33', 0, 0),
(1026, 56, 21.14, NULL, '00:00:35', 1, 0),
(1027, 57, 7.48, 37, '00:00:01', 1, 0),
(1028, 57, 18.75, NULL, '00:00:03', 0, 0),
(1029, 57, 19.00, NULL, '00:00:05', 1, 1),
(1030, 57, 19.00, NULL, '00:00:07', 1, 1),
(1031, 57, 23.17, 38, '00:00:09', 0, 0),
(1032, 57, 10.07, 39, '00:00:11', 1, 0),
(1033, 57, 9.84, 35, '00:00:13', 1, 0),
(1034, 57, 24.75, 36, '00:00:15', 0, 0),
(1035, 57, 22.14, 37, '00:00:17', 1, 0),
(1036, 57, 11.00, NULL, '00:00:19', 1, 1),
(1037, 57, 11.00, NULL, '00:00:21', 0, 1),
(1038, 57, 24.52, NULL, '00:00:23', 0, 0),
(1039, 57, 11.77, 38, '00:00:25', 1, 0),
(1040, 57, 18.75, 39, '00:00:27', 0, 0),
(1041, 57, 19.00, NULL, '00:00:29', 1, 1),
(1042, 57, 19.00, NULL, '00:00:31', 1, 1),
(1043, 57, 24.75, 35, '00:00:33', 0, 0),
(1044, 57, 21.14, NULL, '00:00:35', 1, 0),
(1045, 58, 7.48, 38, '00:00:01', 1, 0),
(1046, 58, 18.75, NULL, '00:00:03', 0, 0),
(1047, 58, 19.00, NULL, '00:00:05', 1, 1),
(1048, 58, 19.00, NULL, '00:00:07', 1, 1),
(1049, 58, 23.17, 39, '00:00:09', 0, 0),
(1050, 58, 10.07, 35, '00:00:11', 1, 0),
(1051, 58, 9.84, 36, '00:00:13', 1, 0),
(1052, 58, 24.75, 37, '00:00:15', 0, 0),
(1053, 58, 22.14, 38, '00:00:17', 1, 0),
(1054, 58, 11.00, NULL, '00:00:19', 1, 1),
(1055, 58, 11.00, NULL, '00:00:21', 0, 1),
(1056, 58, 24.52, NULL, '00:00:23', 0, 0),
(1057, 58, 11.77, 39, '00:00:25', 1, 0),
(1058, 58, 18.75, 35, '00:00:27', 0, 0),
(1059, 58, 19.00, NULL, '00:00:29', 1, 1),
(1060, 58, 19.00, NULL, '00:00:31', 1, 1),
(1061, 58, 24.75, 36, '00:00:33', 0, 0),
(1062, 58, 21.14, NULL, '00:00:35', 1, 0),
(1063, 59, 7.48, 39, '00:00:01', 1, 0),
(1064, 59, 18.75, NULL, '00:00:03', 0, 0),
(1065, 59, 19.00, NULL, '00:00:05', 1, 1),
(1066, 59, 19.00, NULL, '00:00:07', 1, 1),
(1067, 59, 23.17, 35, '00:00:09', 0, 0),
(1068, 59, 10.07, 36, '00:00:11', 1, 0),
(1069, 59, 9.84, 37, '00:00:13', 1, 0),
(1070, 59, 24.75, 38, '00:00:15', 0, 0),
(1071, 59, 22.14, 39, '00:00:17', 1, 0),
(1072, 59, 11.00, NULL, '00:00:19', 1, 1),
(1073, 59, 11.00, NULL, '00:00:21', 0, 1),
(1074, 59, 24.52, NULL, '00:00:23', 0, 0),
(1075, 59, 11.77, 35, '00:00:25', 1, 0),
(1076, 59, 18.75, 36, '00:00:27', 0, 0),
(1077, 59, 19.00, NULL, '00:00:29', 1, 1),
(1078, 59, 19.00, NULL, '00:00:31', 1, 1),
(1079, 59, 24.75, 37, '00:00:33', 0, 0),
(1080, 59, 21.14, NULL, '00:00:35', 1, 0),
(1081, 60, 7.48, 20, '00:00:01', 1, 0),
(1082, 60, 18.75, NULL, '00:00:03', 0, 0),
(1083, 60, 19.00, NULL, '00:00:05', 1, 1),
(1084, 60, 19.00, NULL, '00:00:07', 1, 1),
(1085, 60, 23.17, 21, '00:00:09', 0, 0),
(1086, 60, 10.07, 22, '00:00:11', 1, 0),
(1087, 60, 9.84, 23, '00:00:13', 1, 0),
(1088, 60, 24.75, 24, '00:00:15', 0, 0),
(1089, 60, 22.14, 20, '00:00:17', 1, 0),
(1090, 60, 11.00, NULL, '00:00:19', 1, 1),
(1091, 60, 11.00, NULL, '00:00:21', 0, 1),
(1092, 60, 24.52, NULL, '00:00:23', 0, 0),
(1093, 60, 11.77, 21, '00:00:25', 1, 0),
(1094, 60, 18.75, 22, '00:00:27', 0, 0),
(1095, 60, 19.00, NULL, '00:00:29', 1, 1),
(1096, 60, 19.00, NULL, '00:00:31', 1, 1),
(1097, 60, 24.75, 23, '00:00:33', 0, 0),
(1098, 60, 21.14, NULL, '00:00:35', 1, 0),
(1099, 61, 7.48, 21, '00:00:01', 1, 0),
(1100, 61, 18.75, NULL, '00:00:03', 0, 0),
(1101, 61, 19.00, NULL, '00:00:05', 1, 1),
(1102, 61, 19.00, NULL, '00:00:07', 1, 1),
(1103, 61, 23.17, 22, '00:00:09', 0, 0),
(1104, 61, 10.07, 23, '00:00:11', 1, 0),
(1105, 61, 9.84, 24, '00:00:13', 1, 0),
(1106, 61, 24.75, 20, '00:00:15', 0, 0),
(1107, 61, 22.14, 21, '00:00:17', 1, 0),
(1108, 61, 11.00, NULL, '00:00:19', 1, 1),
(1109, 61, 11.00, NULL, '00:00:21', 0, 1),
(1110, 61, 24.52, NULL, '00:00:23', 0, 0),
(1111, 61, 11.77, 22, '00:00:25', 1, 0),
(1112, 61, 18.75, 23, '00:00:27', 0, 0),
(1113, 61, 19.00, NULL, '00:00:29', 1, 1),
(1114, 61, 19.00, NULL, '00:00:31', 1, 1),
(1115, 61, 24.75, 24, '00:00:33', 0, 0),
(1116, 61, 21.14, NULL, '00:00:35', 1, 0),
(1117, 62, 7.48, 22, '00:00:01', 1, 0),
(1118, 62, 18.75, NULL, '00:00:03', 0, 0),
(1119, 62, 19.00, NULL, '00:00:05', 1, 1),
(1120, 62, 19.00, NULL, '00:00:07', 1, 1),
(1121, 62, 23.17, 23, '00:00:09', 0, 0),
(1122, 62, 10.07, 24, '00:00:11', 1, 0),
(1123, 62, 9.84, 20, '00:00:13', 1, 0),
(1124, 62, 24.75, 21, '00:00:15', 0, 0),
(1125, 62, 22.14, 22, '00:00:17', 1, 0),
(1126, 62, 11.00, NULL, '00:00:19', 1, 1),
(1127, 62, 11.00, NULL, '00:00:21', 0, 1),
(1128, 62, 24.52, NULL, '00:00:23', 0, 0),
(1129, 62, 11.77, 23, '00:00:25', 1, 0),
(1130, 62, 18.75, 24, '00:00:27', 0, 0),
(1131, 62, 19.00, NULL, '00:00:29', 1, 1),
(1132, 62, 19.00, NULL, '00:00:31', 1, 1),
(1133, 62, 24.75, 20, '00:00:33', 0, 0),
(1134, 62, 21.14, NULL, '00:00:35', 1, 0),
(1135, 63, 7.48, 23, '00:00:01', 1, 0),
(1136, 63, 18.75, NULL, '00:00:03', 0, 0),
(1137, 63, 19.00, NULL, '00:00:05', 1, 1),
(1138, 63, 19.00, NULL, '00:00:07', 1, 1),
(1139, 63, 23.17, 24, '00:00:09', 0, 0),
(1140, 63, 10.07, 20, '00:00:11', 1, 0),
(1141, 63, 9.84, 21, '00:00:13', 1, 0),
(1142, 63, 24.75, 22, '00:00:15', 0, 0),
(1143, 63, 22.14, 23, '00:00:17', 1, 0),
(1144, 63, 11.00, NULL, '00:00:19', 1, 1),
(1145, 63, 11.00, NULL, '00:00:21', 0, 1),
(1146, 63, 24.52, NULL, '00:00:23', 0, 0),
(1147, 63, 11.77, 24, '00:00:25', 1, 0),
(1148, 63, 18.75, 20, '00:00:27', 0, 0),
(1149, 63, 19.00, NULL, '00:00:29', 1, 1),
(1150, 63, 19.00, NULL, '00:00:31', 1, 1),
(1151, 63, 24.75, 21, '00:00:33', 0, 0),
(1152, 63, 21.14, NULL, '00:00:35', 1, 0),
(1153, 64, 7.48, 24, '00:00:01', 1, 0),
(1154, 64, 18.75, NULL, '00:00:03', 0, 0),
(1155, 64, 19.00, NULL, '00:00:05', 1, 1),
(1156, 64, 19.00, NULL, '00:00:07', 1, 1),
(1157, 64, 23.17, 20, '00:00:09', 0, 0),
(1158, 64, 10.07, 21, '00:00:11', 1, 0),
(1159, 64, 9.84, 22, '00:00:13', 1, 0),
(1160, 64, 24.75, 23, '00:00:15', 0, 0),
(1161, 64, 22.14, 24, '00:00:17', 1, 0),
(1162, 64, 11.00, NULL, '00:00:19', 1, 1),
(1163, 64, 11.00, NULL, '00:00:21', 0, 1),
(1164, 64, 24.52, NULL, '00:00:23', 0, 0),
(1165, 64, 11.77, 20, '00:00:25', 1, 0),
(1166, 64, 18.75, 21, '00:00:27', 0, 0),
(1167, 64, 19.00, NULL, '00:00:29', 1, 1),
(1168, 64, 19.00, NULL, '00:00:31', 1, 1),
(1169, 64, 24.75, 22, '00:00:33', 0, 0),
(1170, 64, 21.14, NULL, '00:00:35', 1, 0),
(1171, 65, 7.48, 25, '00:00:01', 1, 0),
(1172, 65, 18.75, NULL, '00:00:03', 0, 0),
(1173, 65, 19.00, NULL, '00:00:05', 1, 1),
(1174, 65, 19.00, NULL, '00:00:07', 1, 1),
(1175, 65, 23.17, 26, '00:00:09', 0, 0),
(1176, 65, 10.07, 27, '00:00:11', 1, 0),
(1177, 65, 9.84, 28, '00:00:13', 1, 0),
(1178, 65, 24.75, 29, '00:00:15', 0, 0),
(1179, 65, 22.14, 25, '00:00:17', 1, 0),
(1180, 65, 11.00, NULL, '00:00:19', 1, 1),
(1181, 65, 11.00, NULL, '00:00:21', 0, 1),
(1182, 65, 24.52, NULL, '00:00:23', 0, 0),
(1183, 65, 11.77, 26, '00:00:25', 1, 0),
(1184, 65, 18.75, 27, '00:00:27', 0, 0),
(1185, 65, 19.00, NULL, '00:00:29', 1, 1),
(1186, 65, 19.00, NULL, '00:00:31', 1, 1),
(1187, 65, 24.75, 28, '00:00:33', 0, 0),
(1188, 65, 21.14, NULL, '00:00:35', 1, 0),
(1189, 66, 7.48, 26, '00:00:01', 1, 0),
(1190, 66, 18.75, NULL, '00:00:03', 0, 0),
(1191, 66, 19.00, NULL, '00:00:05', 1, 1),
(1192, 66, 19.00, NULL, '00:00:07', 1, 1),
(1193, 66, 23.17, 27, '00:00:09', 0, 0),
(1194, 66, 10.07, 28, '00:00:11', 1, 0),
(1195, 66, 9.84, 29, '00:00:13', 1, 0),
(1196, 66, 24.75, 25, '00:00:15', 0, 0),
(1197, 66, 22.14, 26, '00:00:17', 1, 0),
(1198, 66, 11.00, NULL, '00:00:19', 1, 1),
(1199, 66, 11.00, NULL, '00:00:21', 0, 1),
(1200, 66, 24.52, NULL, '00:00:23', 0, 0),
(1201, 66, 11.77, 27, '00:00:25', 1, 0),
(1202, 66, 18.75, 28, '00:00:27', 0, 0),
(1203, 66, 19.00, NULL, '00:00:29', 1, 1),
(1204, 66, 19.00, NULL, '00:00:31', 1, 1),
(1205, 66, 24.75, 29, '00:00:33', 0, 0),
(1206, 66, 21.14, NULL, '00:00:35', 1, 0),
(1207, 67, 7.48, 27, '00:00:01', 1, 0),
(1208, 67, 18.75, NULL, '00:00:03', 0, 0),
(1209, 67, 19.00, NULL, '00:00:05', 1, 1),
(1210, 67, 19.00, NULL, '00:00:07', 1, 1),
(1211, 67, 23.17, 28, '00:00:09', 0, 0),
(1212, 67, 10.07, 29, '00:00:11', 1, 0),
(1213, 67, 9.84, 25, '00:00:13', 1, 0),
(1214, 67, 24.75, 26, '00:00:15', 0, 0),
(1215, 67, 22.14, 27, '00:00:17', 1, 0),
(1216, 67, 11.00, NULL, '00:00:19', 1, 1),
(1217, 67, 11.00, NULL, '00:00:21', 0, 1),
(1218, 67, 24.52, NULL, '00:00:23', 0, 0),
(1219, 67, 11.77, 28, '00:00:25', 1, 0),
(1220, 67, 18.75, 29, '00:00:27', 0, 0),
(1221, 67, 19.00, NULL, '00:00:29', 1, 1),
(1222, 67, 19.00, NULL, '00:00:31', 1, 1),
(1223, 67, 24.75, 25, '00:00:33', 0, 0),
(1224, 67, 21.14, NULL, '00:00:35', 1, 0),
(1225, 68, 7.48, 28, '00:00:01', 1, 0),
(1226, 68, 18.75, NULL, '00:00:03', 0, 0),
(1227, 68, 19.00, NULL, '00:00:05', 1, 1),
(1228, 68, 19.00, NULL, '00:00:07', 1, 1),
(1229, 68, 23.17, 29, '00:00:09', 0, 0),
(1230, 68, 10.07, 25, '00:00:11', 1, 0),
(1231, 68, 9.84, 26, '00:00:13', 1, 0),
(1232, 68, 24.75, 27, '00:00:15', 0, 0),
(1233, 68, 22.14, 28, '00:00:17', 1, 0),
(1234, 68, 11.00, NULL, '00:00:19', 1, 1),
(1235, 68, 11.00, NULL, '00:00:21', 0, 1),
(1236, 68, 24.52, NULL, '00:00:23', 0, 0),
(1237, 68, 11.77, 29, '00:00:25', 1, 0),
(1238, 68, 18.75, 25, '00:00:27', 0, 0),
(1239, 68, 19.00, NULL, '00:00:29', 1, 1),
(1240, 68, 19.00, NULL, '00:00:31', 1, 1),
(1241, 68, 24.75, 26, '00:00:33', 0, 0),
(1242, 68, 21.14, NULL, '00:00:35', 1, 0),
(1243, 69, 7.48, 29, '00:00:01', 1, 0),
(1244, 69, 18.75, NULL, '00:00:03', 0, 0),
(1245, 69, 19.00, NULL, '00:00:05', 1, 1),
(1246, 69, 19.00, NULL, '00:00:07', 1, 1),
(1247, 69, 23.17, 25, '00:00:09', 0, 0),
(1248, 69, 10.07, 26, '00:00:11', 1, 0),
(1249, 69, 9.84, 27, '00:00:13', 1, 0),
(1250, 69, 24.75, 28, '00:00:15', 0, 0),
(1251, 69, 22.14, 29, '00:00:17', 1, 0),
(1252, 69, 11.00, NULL, '00:00:19', 1, 1),
(1253, 69, 11.00, NULL, '00:00:21', 0, 1),
(1254, 69, 24.52, NULL, '00:00:23', 0, 0),
(1255, 69, 11.77, 25, '00:00:25', 1, 0),
(1256, 69, 18.75, 26, '00:00:27', 0, 0),
(1257, 69, 19.00, NULL, '00:00:29', 1, 1),
(1258, 69, 19.00, NULL, '00:00:31', 1, 1),
(1259, 69, 24.75, 27, '00:00:33', 0, 0),
(1260, 69, 21.14, NULL, '00:00:35', 1, 0),
(1261, 70, 7.48, 40, '00:00:01', 1, 0),
(1262, 70, 18.75, NULL, '00:00:03', 0, 0),
(1263, 70, 19.00, NULL, '00:00:05', 1, 1),
(1264, 70, 19.00, NULL, '00:00:07', 1, 1),
(1265, 70, 23.17, 41, '00:00:09', 0, 0),
(1266, 70, 10.07, 42, '00:00:11', 1, 0),
(1267, 70, 9.84, 43, '00:00:13', 1, 0),
(1268, 70, 24.75, 44, '00:00:15', 0, 0),
(1269, 70, 22.14, 40, '00:00:17', 1, 0),
(1270, 70, 11.00, NULL, '00:00:19', 1, 1),
(1271, 70, 11.00, NULL, '00:00:21', 0, 1),
(1272, 70, 24.52, NULL, '00:00:23', 0, 0),
(1273, 70, 11.77, 41, '00:00:25', 1, 0),
(1274, 70, 18.75, 42, '00:00:27', 0, 0),
(1275, 70, 19.00, NULL, '00:00:29', 1, 1),
(1276, 70, 19.00, NULL, '00:00:31', 1, 1),
(1277, 70, 24.75, 43, '00:00:33', 0, 0),
(1278, 70, 21.14, NULL, '00:00:35', 1, 0),
(1279, 71, 7.48, 41, '00:00:01', 1, 0),
(1280, 71, 18.75, NULL, '00:00:03', 0, 0),
(1281, 71, 19.00, NULL, '00:00:05', 1, 1),
(1282, 71, 19.00, NULL, '00:00:07', 1, 1),
(1283, 71, 23.17, 42, '00:00:09', 0, 0),
(1284, 71, 10.07, 43, '00:00:11', 1, 0),
(1285, 71, 9.84, 44, '00:00:13', 1, 0);
INSERT INTO `shots` (`shot_id`, `performance_id`, `distance`, `defender`, `time_shot`, `is_shot_made`, `is_free_throw`) VALUES
(1286, 71, 24.75, 40, '00:00:15', 0, 0),
(1287, 71, 22.14, 41, '00:00:17', 1, 0),
(1288, 71, 11.00, NULL, '00:00:19', 1, 1),
(1289, 71, 11.00, NULL, '00:00:21', 0, 1),
(1290, 71, 24.52, NULL, '00:00:23', 0, 0),
(1291, 71, 11.77, 42, '00:00:25', 1, 0),
(1292, 71, 18.75, 43, '00:00:27', 0, 0),
(1293, 71, 19.00, NULL, '00:00:29', 1, 1),
(1294, 71, 19.00, NULL, '00:00:31', 1, 1),
(1295, 71, 24.75, 44, '00:00:33', 0, 0),
(1296, 71, 21.14, NULL, '00:00:35', 1, 0),
(1297, 72, 7.48, 42, '00:00:01', 1, 0),
(1298, 72, 18.75, NULL, '00:00:03', 0, 0),
(1299, 72, 19.00, NULL, '00:00:05', 1, 1),
(1300, 72, 19.00, NULL, '00:00:07', 1, 1),
(1301, 72, 23.17, 43, '00:00:09', 0, 0),
(1302, 72, 10.07, 44, '00:00:11', 1, 0),
(1303, 72, 9.84, 40, '00:00:13', 1, 0),
(1304, 72, 24.75, 41, '00:00:15', 0, 0),
(1305, 72, 22.14, 42, '00:00:17', 1, 0),
(1306, 72, 11.00, NULL, '00:00:19', 1, 1),
(1307, 72, 11.00, NULL, '00:00:21', 0, 1),
(1308, 72, 24.52, NULL, '00:00:23', 0, 0),
(1309, 72, 11.77, 43, '00:00:25', 1, 0),
(1310, 72, 18.75, 44, '00:00:27', 0, 0),
(1311, 72, 19.00, NULL, '00:00:29', 1, 1),
(1312, 72, 19.00, NULL, '00:00:31', 1, 1),
(1313, 72, 24.75, 40, '00:00:33', 0, 0),
(1314, 72, 21.14, NULL, '00:00:35', 1, 0),
(1315, 73, 7.48, 43, '00:00:01', 1, 0),
(1316, 73, 18.75, NULL, '00:00:03', 0, 0),
(1317, 73, 19.00, NULL, '00:00:05', 1, 1),
(1318, 73, 19.00, NULL, '00:00:07', 1, 1),
(1319, 73, 23.17, 44, '00:00:09', 0, 0),
(1320, 73, 10.07, 40, '00:00:11', 1, 0),
(1321, 73, 9.84, 41, '00:00:13', 1, 0),
(1322, 73, 24.75, 42, '00:00:15', 0, 0),
(1323, 73, 22.14, 43, '00:00:17', 1, 0),
(1324, 73, 11.00, NULL, '00:00:19', 1, 1),
(1325, 73, 11.00, NULL, '00:00:21', 0, 1),
(1326, 73, 24.52, NULL, '00:00:23', 0, 0),
(1327, 73, 11.77, 44, '00:00:25', 1, 0),
(1328, 73, 18.75, 40, '00:00:27', 0, 0),
(1329, 73, 19.00, NULL, '00:00:29', 1, 1),
(1330, 73, 19.00, NULL, '00:00:31', 1, 1),
(1331, 73, 24.75, 41, '00:00:33', 0, 0),
(1332, 73, 21.14, NULL, '00:00:35', 1, 0),
(1333, 74, 7.48, 44, '00:00:01', 1, 0),
(1334, 74, 18.75, NULL, '00:00:03', 0, 0),
(1335, 74, 19.00, NULL, '00:00:05', 1, 1),
(1336, 74, 19.00, NULL, '00:00:07', 1, 1),
(1337, 74, 23.17, 40, '00:00:09', 0, 0),
(1338, 74, 10.07, 41, '00:00:11', 1, 0),
(1339, 74, 9.84, 42, '00:00:13', 1, 0),
(1340, 74, 24.75, 43, '00:00:15', 0, 0),
(1341, 74, 22.14, 44, '00:00:17', 1, 0),
(1342, 74, 11.00, NULL, '00:00:19', 1, 1),
(1343, 74, 11.00, NULL, '00:00:21', 0, 1),
(1344, 74, 24.52, NULL, '00:00:23', 0, 0),
(1345, 74, 11.77, 40, '00:00:25', 1, 0),
(1346, 74, 18.75, 41, '00:00:27', 0, 0),
(1347, 74, 19.00, NULL, '00:00:29', 1, 1),
(1348, 74, 19.00, NULL, '00:00:31', 1, 1),
(1349, 74, 24.75, 42, '00:00:33', 0, 0),
(1350, 74, 21.14, NULL, '00:00:35', 1, 0),
(1351, 75, 7.48, 30, '00:00:01', 1, 0),
(1352, 75, 18.75, NULL, '00:00:03', 0, 0),
(1353, 75, 19.00, NULL, '00:00:05', 1, 1),
(1354, 75, 19.00, NULL, '00:00:07', 1, 1),
(1355, 75, 23.17, 31, '00:00:09', 0, 0),
(1356, 75, 10.07, 32, '00:00:11', 1, 0),
(1357, 75, 9.84, 33, '00:00:13', 1, 0),
(1358, 75, 24.75, 34, '00:00:15', 0, 0),
(1359, 75, 22.14, 30, '00:00:17', 1, 0),
(1360, 75, 11.00, NULL, '00:00:19', 1, 1),
(1361, 75, 11.00, NULL, '00:00:21', 0, 1),
(1362, 75, 24.52, NULL, '00:00:23', 0, 0),
(1363, 75, 11.77, 31, '00:00:25', 1, 0),
(1364, 75, 18.75, 32, '00:00:27', 0, 0),
(1365, 75, 19.00, NULL, '00:00:29', 1, 1),
(1366, 75, 19.00, NULL, '00:00:31', 1, 1),
(1367, 75, 24.75, 33, '00:00:33', 0, 0),
(1368, 75, 21.14, NULL, '00:00:35', 1, 0),
(1369, 76, 7.48, 31, '00:00:01', 1, 0),
(1370, 76, 18.75, NULL, '00:00:03', 0, 0),
(1371, 76, 19.00, NULL, '00:00:05', 1, 1),
(1372, 76, 19.00, NULL, '00:00:07', 1, 1),
(1373, 76, 23.17, 32, '00:00:09', 0, 0),
(1374, 76, 10.07, 33, '00:00:11', 1, 0),
(1375, 76, 9.84, 34, '00:00:13', 1, 0),
(1376, 76, 24.75, 30, '00:00:15', 0, 0),
(1377, 76, 22.14, 31, '00:00:17', 1, 0),
(1378, 76, 11.00, NULL, '00:00:19', 1, 1),
(1379, 76, 11.00, NULL, '00:00:21', 0, 1),
(1380, 76, 24.52, NULL, '00:00:23', 0, 0),
(1381, 76, 11.77, 32, '00:00:25', 1, 0),
(1382, 76, 18.75, 33, '00:00:27', 0, 0),
(1383, 76, 19.00, NULL, '00:00:29', 1, 1),
(1384, 76, 19.00, NULL, '00:00:31', 1, 1),
(1385, 76, 24.75, 34, '00:00:33', 0, 0),
(1386, 76, 21.14, NULL, '00:00:35', 1, 0),
(1387, 77, 7.48, 32, '00:00:01', 1, 0),
(1388, 77, 18.75, NULL, '00:00:03', 0, 0),
(1389, 77, 19.00, NULL, '00:00:05', 1, 1),
(1390, 77, 19.00, NULL, '00:00:07', 1, 1),
(1391, 77, 23.17, 33, '00:00:09', 0, 0),
(1392, 77, 10.07, 34, '00:00:11', 1, 0),
(1393, 77, 9.84, 30, '00:00:13', 1, 0),
(1394, 77, 24.75, 31, '00:00:15', 0, 0),
(1395, 77, 22.14, 32, '00:00:17', 1, 0),
(1396, 77, 11.00, NULL, '00:00:19', 1, 1),
(1397, 77, 11.00, NULL, '00:00:21', 0, 1),
(1398, 77, 24.52, NULL, '00:00:23', 0, 0),
(1399, 77, 11.77, 33, '00:00:25', 1, 0),
(1400, 77, 18.75, 34, '00:00:27', 0, 0),
(1401, 77, 19.00, NULL, '00:00:29', 1, 1),
(1402, 77, 19.00, NULL, '00:00:31', 1, 1),
(1403, 77, 24.75, 30, '00:00:33', 0, 0),
(1404, 77, 21.14, NULL, '00:00:35', 1, 0),
(1405, 78, 7.48, 33, '00:00:01', 1, 0),
(1406, 78, 18.75, NULL, '00:00:03', 0, 0),
(1407, 78, 19.00, NULL, '00:00:05', 1, 1),
(1408, 78, 19.00, NULL, '00:00:07', 1, 1),
(1409, 78, 23.17, 34, '00:00:09', 0, 0),
(1410, 78, 10.07, 30, '00:00:11', 1, 0),
(1411, 78, 9.84, 31, '00:00:13', 1, 0),
(1412, 78, 24.75, 32, '00:00:15', 0, 0),
(1413, 78, 22.14, 33, '00:00:17', 1, 0),
(1414, 78, 11.00, NULL, '00:00:19', 1, 1),
(1415, 78, 11.00, NULL, '00:00:21', 0, 1),
(1416, 78, 24.52, NULL, '00:00:23', 0, 0),
(1417, 78, 11.77, 34, '00:00:25', 1, 0),
(1418, 78, 18.75, 30, '00:00:27', 0, 0),
(1419, 78, 19.00, NULL, '00:00:29', 1, 1),
(1420, 78, 19.00, NULL, '00:00:31', 1, 1),
(1421, 78, 24.75, 31, '00:00:33', 0, 0),
(1422, 78, 21.14, NULL, '00:00:35', 1, 0),
(1423, 79, 7.48, 34, '00:00:01', 1, 0),
(1424, 79, 18.75, NULL, '00:00:03', 0, 0),
(1425, 79, 19.00, NULL, '00:00:05', 1, 1),
(1426, 79, 19.00, NULL, '00:00:07', 1, 1),
(1427, 79, 23.17, 30, '00:00:09', 0, 0),
(1428, 79, 10.07, 31, '00:00:11', 1, 0),
(1429, 79, 9.84, 32, '00:00:13', 1, 0),
(1430, 79, 24.75, 33, '00:00:15', 0, 0),
(1431, 79, 22.14, 34, '00:00:17', 1, 0),
(1432, 79, 11.00, NULL, '00:00:19', 1, 1),
(1433, 79, 11.00, NULL, '00:00:21', 0, 1),
(1434, 79, 24.52, NULL, '00:00:23', 0, 0),
(1435, 79, 11.77, 30, '00:00:25', 1, 0),
(1436, 79, 18.75, 31, '00:00:27', 0, 0),
(1437, 79, 19.00, NULL, '00:00:29', 1, 1),
(1438, 79, 19.00, NULL, '00:00:31', 1, 1),
(1439, 79, 24.75, 32, '00:00:33', 0, 0),
(1440, 79, 21.14, NULL, '00:00:35', 1, 0),
(1441, 80, 7.48, 25, '00:00:01', 1, 0),
(1442, 80, 18.75, NULL, '00:00:03', 0, 0),
(1443, 80, 19.00, NULL, '00:00:05', 1, 1),
(1444, 80, 19.00, NULL, '00:00:07', 1, 1),
(1445, 80, 23.17, 26, '00:00:09', 0, 0),
(1446, 80, 10.07, 27, '00:00:11', 1, 0),
(1447, 80, 9.84, 28, '00:00:13', 1, 0),
(1448, 80, 24.75, 29, '00:00:15', 0, 0),
(1449, 80, 22.14, 25, '00:00:17', 1, 0),
(1450, 80, 11.00, NULL, '00:00:19', 1, 1),
(1451, 80, 11.00, NULL, '00:00:21', 0, 1),
(1452, 80, 24.52, NULL, '00:00:23', 0, 0),
(1453, 80, 11.77, 26, '00:00:25', 1, 0),
(1454, 80, 18.75, 27, '00:00:27', 0, 0),
(1455, 80, 19.00, NULL, '00:00:29', 1, 1),
(1456, 80, 19.00, NULL, '00:00:31', 1, 1),
(1457, 80, 24.75, 28, '00:00:33', 0, 0),
(1458, 80, 21.14, NULL, '00:00:35', 1, 0),
(1459, 81, 7.48, 26, '00:00:01', 1, 0),
(1460, 81, 18.75, NULL, '00:00:03', 0, 0),
(1461, 81, 19.00, NULL, '00:00:05', 1, 1),
(1462, 81, 19.00, NULL, '00:00:07', 1, 1),
(1463, 81, 23.17, 27, '00:00:09', 0, 0),
(1464, 81, 10.07, 28, '00:00:11', 1, 0),
(1465, 81, 9.84, 29, '00:00:13', 1, 0),
(1466, 81, 24.75, 25, '00:00:15', 0, 0),
(1467, 81, 22.14, 26, '00:00:17', 1, 0),
(1468, 81, 11.00, NULL, '00:00:19', 1, 1),
(1469, 81, 11.00, NULL, '00:00:21', 0, 1),
(1470, 81, 24.52, NULL, '00:00:23', 0, 0),
(1471, 81, 11.77, 27, '00:00:25', 1, 0),
(1472, 81, 18.75, 28, '00:00:27', 0, 0),
(1473, 81, 19.00, NULL, '00:00:29', 1, 1),
(1474, 81, 19.00, NULL, '00:00:31', 1, 1),
(1475, 81, 24.75, 29, '00:00:33', 0, 0),
(1476, 81, 21.14, NULL, '00:00:35', 1, 0),
(1477, 82, 7.48, 27, '00:00:01', 1, 0),
(1478, 82, 18.75, NULL, '00:00:03', 0, 0),
(1479, 82, 19.00, NULL, '00:00:05', 1, 1),
(1480, 82, 19.00, NULL, '00:00:07', 1, 1),
(1481, 82, 23.17, 28, '00:00:09', 0, 0),
(1482, 82, 10.07, 29, '00:00:11', 1, 0),
(1483, 82, 9.84, 25, '00:00:13', 1, 0),
(1484, 82, 24.75, 26, '00:00:15', 0, 0),
(1485, 82, 22.14, 27, '00:00:17', 1, 0),
(1486, 82, 11.00, NULL, '00:00:19', 1, 1),
(1487, 82, 11.00, NULL, '00:00:21', 0, 1),
(1488, 82, 24.52, NULL, '00:00:23', 0, 0),
(1489, 82, 11.77, 28, '00:00:25', 1, 0),
(1490, 82, 18.75, 29, '00:00:27', 0, 0),
(1491, 82, 19.00, NULL, '00:00:29', 1, 1),
(1492, 82, 19.00, NULL, '00:00:31', 1, 1),
(1493, 82, 24.75, 25, '00:00:33', 0, 0),
(1494, 82, 21.14, NULL, '00:00:35', 1, 0),
(1495, 83, 7.48, 28, '00:00:01', 1, 0),
(1496, 83, 18.75, NULL, '00:00:03', 0, 0),
(1497, 83, 19.00, NULL, '00:00:05', 1, 1),
(1498, 83, 19.00, NULL, '00:00:07', 1, 1),
(1499, 83, 23.17, 29, '00:00:09', 0, 0),
(1500, 83, 10.07, 25, '00:00:11', 1, 0),
(1501, 83, 9.84, 26, '00:00:13', 1, 0),
(1502, 83, 24.75, 27, '00:00:15', 0, 0),
(1503, 83, 22.14, 28, '00:00:17', 1, 0),
(1504, 83, 11.00, NULL, '00:00:19', 1, 1),
(1505, 83, 11.00, NULL, '00:00:21', 0, 1),
(1506, 83, 24.52, NULL, '00:00:23', 0, 0),
(1507, 83, 11.77, 29, '00:00:25', 1, 0),
(1508, 83, 18.75, 25, '00:00:27', 0, 0),
(1509, 83, 19.00, NULL, '00:00:29', 1, 1),
(1510, 83, 19.00, NULL, '00:00:31', 1, 1),
(1511, 83, 24.75, 26, '00:00:33', 0, 0),
(1512, 83, 21.14, NULL, '00:00:35', 1, 0),
(1513, 84, 7.48, 29, '00:00:01', 1, 0),
(1514, 84, 18.75, NULL, '00:00:03', 0, 0),
(1515, 84, 19.00, NULL, '00:00:05', 1, 1),
(1516, 84, 19.00, NULL, '00:00:07', 1, 1),
(1517, 84, 23.17, 25, '00:00:09', 0, 0),
(1518, 84, 10.07, 26, '00:00:11', 1, 0),
(1519, 84, 9.84, 27, '00:00:13', 1, 0),
(1520, 84, 24.75, 28, '00:00:15', 0, 0),
(1521, 84, 22.14, 29, '00:00:17', 1, 0),
(1522, 84, 11.00, NULL, '00:00:19', 1, 1),
(1523, 84, 11.00, NULL, '00:00:21', 0, 1),
(1524, 84, 24.52, NULL, '00:00:23', 0, 0),
(1525, 84, 11.77, 25, '00:00:25', 1, 0),
(1526, 84, 18.75, 26, '00:00:27', 0, 0),
(1527, 84, 19.00, NULL, '00:00:29', 1, 1),
(1528, 84, 19.00, NULL, '00:00:31', 1, 1),
(1529, 84, 24.75, 27, '00:00:33', 0, 0),
(1530, 84, 21.14, NULL, '00:00:35', 1, 0),
(1531, 85, 7.48, 0, '00:00:01', 1, 0),
(1532, 85, 18.75, NULL, '00:00:03', 0, 0),
(1533, 85, 19.00, NULL, '00:00:05', 1, 1),
(1534, 85, 19.00, NULL, '00:00:07', 1, 1),
(1535, 85, 23.17, 1, '00:00:09', 0, 0),
(1536, 85, 10.07, 2, '00:00:11', 1, 0),
(1537, 85, 9.84, 3, '00:00:13', 1, 0),
(1538, 85, 24.75, 4, '00:00:15', 0, 0),
(1539, 85, 22.14, 0, '00:00:17', 1, 0),
(1540, 85, 11.00, NULL, '00:00:19', 1, 1),
(1541, 85, 11.00, NULL, '00:00:21', 0, 1),
(1542, 85, 24.52, NULL, '00:00:23', 0, 0),
(1543, 85, 11.77, 1, '00:00:25', 1, 0),
(1544, 85, 18.75, 2, '00:00:27', 0, 0),
(1545, 85, 19.00, NULL, '00:00:29', 1, 1),
(1546, 85, 19.00, NULL, '00:00:31', 1, 1),
(1547, 85, 24.75, 3, '00:00:33', 0, 0),
(1548, 85, 21.14, NULL, '00:00:35', 1, 0),
(1549, 86, 7.48, 1, '00:00:01', 1, 0),
(1550, 86, 18.75, NULL, '00:00:03', 0, 0),
(1551, 86, 19.00, NULL, '00:00:05', 1, 1),
(1552, 86, 19.00, NULL, '00:00:07', 1, 1),
(1553, 86, 23.17, 2, '00:00:09', 0, 0),
(1554, 86, 10.07, 3, '00:00:11', 1, 0),
(1555, 86, 9.84, 4, '00:00:13', 1, 0),
(1556, 86, 24.75, 0, '00:00:15', 0, 0),
(1557, 86, 22.14, 1, '00:00:17', 1, 0),
(1558, 86, 11.00, NULL, '00:00:19', 1, 1),
(1559, 86, 11.00, NULL, '00:00:21', 0, 1),
(1560, 86, 24.52, NULL, '00:00:23', 0, 0),
(1561, 86, 11.77, 2, '00:00:25', 1, 0),
(1562, 86, 18.75, 3, '00:00:27', 0, 0),
(1563, 86, 19.00, NULL, '00:00:29', 1, 1),
(1564, 86, 19.00, NULL, '00:00:31', 1, 1),
(1565, 86, 24.75, 4, '00:00:33', 0, 0),
(1566, 86, 21.14, NULL, '00:00:35', 1, 0),
(1567, 87, 7.48, 2, '00:00:01', 1, 0),
(1568, 87, 18.75, NULL, '00:00:03', 0, 0),
(1569, 87, 19.00, NULL, '00:00:05', 1, 1),
(1570, 87, 19.00, NULL, '00:00:07', 1, 1),
(1571, 87, 23.17, 3, '00:00:09', 0, 0),
(1572, 87, 10.07, 4, '00:00:11', 1, 0),
(1573, 87, 9.84, 0, '00:00:13', 1, 0),
(1574, 87, 24.75, 1, '00:00:15', 0, 0),
(1575, 87, 22.14, 2, '00:00:17', 1, 0),
(1576, 87, 11.00, NULL, '00:00:19', 1, 1),
(1577, 87, 11.00, NULL, '00:00:21', 0, 1),
(1578, 87, 24.52, NULL, '00:00:23', 0, 0),
(1579, 87, 11.77, 3, '00:00:25', 1, 0),
(1580, 87, 18.75, 4, '00:00:27', 0, 0),
(1581, 87, 19.00, NULL, '00:00:29', 1, 1),
(1582, 87, 19.00, NULL, '00:00:31', 1, 1),
(1583, 87, 24.75, 0, '00:00:33', 0, 0),
(1584, 87, 21.14, NULL, '00:00:35', 1, 0),
(1585, 88, 7.48, 3, '00:00:01', 1, 0),
(1586, 88, 18.75, NULL, '00:00:03', 0, 0),
(1587, 88, 19.00, NULL, '00:00:05', 1, 1),
(1588, 88, 19.00, NULL, '00:00:07', 1, 1),
(1589, 88, 23.17, 4, '00:00:09', 0, 0),
(1590, 88, 10.07, 0, '00:00:11', 1, 0),
(1591, 88, 9.84, 1, '00:00:13', 1, 0),
(1592, 88, 24.75, 2, '00:00:15', 0, 0),
(1593, 88, 22.14, 3, '00:00:17', 1, 0),
(1594, 88, 11.00, NULL, '00:00:19', 1, 1),
(1595, 88, 11.00, NULL, '00:00:21', 0, 1),
(1596, 88, 24.52, NULL, '00:00:23', 0, 0),
(1597, 88, 11.77, 4, '00:00:25', 1, 0),
(1598, 88, 18.75, 0, '00:00:27', 0, 0),
(1599, 88, 19.00, NULL, '00:00:29', 1, 1),
(1600, 88, 19.00, NULL, '00:00:31', 1, 1),
(1601, 88, 24.75, 1, '00:00:33', 0, 0),
(1602, 88, 21.14, NULL, '00:00:35', 1, 0),
(1603, 89, 7.48, 4, '00:00:01', 1, 0),
(1604, 89, 18.75, NULL, '00:00:03', 0, 0),
(1605, 89, 19.00, NULL, '00:00:05', 1, 1),
(1606, 89, 19.00, NULL, '00:00:07', 1, 1),
(1607, 89, 23.17, 0, '00:00:09', 0, 0),
(1608, 89, 10.07, 1, '00:00:11', 1, 0),
(1609, 89, 9.84, 2, '00:00:13', 1, 0),
(1610, 89, 24.75, 3, '00:00:15', 0, 0),
(1611, 89, 22.14, 4, '00:00:17', 1, 0),
(1612, 89, 11.00, NULL, '00:00:19', 1, 1),
(1613, 89, 11.00, NULL, '00:00:21', 0, 1),
(1614, 89, 24.52, NULL, '00:00:23', 0, 0),
(1615, 89, 11.77, 0, '00:00:25', 1, 0),
(1616, 89, 18.75, 1, '00:00:27', 0, 0),
(1617, 89, 19.00, NULL, '00:00:29', 1, 1),
(1618, 89, 19.00, NULL, '00:00:31', 1, 1),
(1619, 89, 24.75, 2, '00:00:33', 0, 0),
(1620, 89, 21.14, NULL, '00:00:35', 1, 0),
(1621, 90, 7.48, 30, '00:00:01', 1, 0),
(1622, 90, 18.75, NULL, '00:00:03', 0, 0),
(1623, 90, 19.00, NULL, '00:00:05', 1, 1),
(1624, 90, 19.00, NULL, '00:00:07', 1, 1),
(1625, 90, 23.17, 31, '00:00:09', 0, 0),
(1626, 90, 10.07, 32, '00:00:11', 1, 0),
(1627, 90, 9.84, 33, '00:00:13', 1, 0),
(1628, 90, 24.75, 34, '00:00:15', 0, 0),
(1629, 90, 22.14, 30, '00:00:17', 1, 0),
(1630, 90, 11.00, NULL, '00:00:19', 1, 1),
(1631, 90, 11.00, NULL, '00:00:21', 0, 1),
(1632, 90, 24.52, NULL, '00:00:23', 0, 0),
(1633, 90, 11.77, 31, '00:00:25', 1, 0),
(1634, 90, 18.75, 32, '00:00:27', 0, 0),
(1635, 90, 19.00, NULL, '00:00:29', 1, 1),
(1636, 90, 19.00, NULL, '00:00:30', 1, 1),
(1637, 90, 24.75, 33, '00:00:33', 0, 0),
(1638, 90, 21.14, NULL, '00:00:35', 1, 0),
(1639, 91, 7.48, 31, '00:00:01', 1, 0),
(1640, 91, 18.75, NULL, '00:00:03', 0, 0),
(1641, 91, 19.00, NULL, '00:00:05', 1, 1),
(1642, 91, 19.00, NULL, '00:00:07', 1, 1),
(1643, 91, 23.17, 32, '00:00:09', 0, 0),
(1644, 91, 10.07, 33, '00:00:11', 1, 0),
(1645, 91, 9.84, 34, '00:00:13', 1, 0),
(1646, 91, 24.75, 30, '00:00:15', 0, 0),
(1647, 91, 22.14, 31, '00:00:17', 1, 0),
(1648, 91, 11.00, NULL, '00:00:19', 1, 1),
(1649, 91, 11.00, NULL, '00:00:21', 0, 1),
(1650, 91, 24.52, NULL, '00:00:23', 0, 0),
(1651, 91, 11.77, 32, '00:00:25', 1, 0),
(1652, 91, 18.75, 33, '00:00:27', 0, 0),
(1653, 91, 19.00, NULL, '00:00:29', 1, 1),
(1654, 91, 19.00, NULL, '00:00:30', 1, 1),
(1655, 91, 24.75, 34, '00:00:33', 0, 0),
(1656, 91, 21.14, NULL, '00:00:35', 1, 0),
(1657, 92, 7.48, 32, '00:00:01', 1, 0),
(1658, 92, 18.75, NULL, '00:00:03', 0, 0),
(1659, 92, 19.00, NULL, '00:00:05', 1, 1),
(1660, 92, 19.00, NULL, '00:00:07', 1, 1),
(1661, 92, 23.17, 33, '00:00:09', 0, 0),
(1662, 92, 10.07, 34, '00:00:11', 1, 0),
(1663, 92, 9.84, 30, '00:00:13', 1, 0),
(1664, 92, 24.75, 31, '00:00:15', 0, 0),
(1665, 92, 22.14, 32, '00:00:17', 1, 0),
(1666, 92, 11.00, NULL, '00:00:19', 1, 1),
(1667, 92, 11.00, NULL, '00:00:21', 0, 1),
(1668, 92, 24.52, NULL, '00:00:23', 0, 0),
(1669, 92, 11.77, 33, '00:00:25', 1, 0),
(1670, 92, 18.75, 34, '00:00:27', 0, 0),
(1671, 92, 19.00, NULL, '00:00:29', 1, 1),
(1672, 92, 19.00, NULL, '00:00:30', 1, 1),
(1673, 92, 24.75, 30, '00:00:33', 0, 0),
(1674, 92, 21.14, NULL, '00:00:35', 1, 0),
(1675, 93, 7.48, 33, '00:00:01', 1, 0),
(1676, 93, 18.75, NULL, '00:00:03', 0, 0),
(1677, 93, 19.00, NULL, '00:00:05', 1, 1),
(1678, 93, 19.00, NULL, '00:00:07', 1, 1),
(1679, 93, 23.17, 34, '00:00:09', 0, 0),
(1680, 93, 10.07, 30, '00:00:11', 1, 0),
(1681, 93, 9.84, 31, '00:00:13', 1, 0),
(1682, 93, 24.75, 32, '00:00:15', 0, 0),
(1683, 93, 22.14, 33, '00:00:17', 1, 0),
(1684, 93, 11.00, NULL, '00:00:19', 1, 1),
(1685, 93, 11.00, NULL, '00:00:21', 0, 1),
(1686, 93, 24.52, NULL, '00:00:23', 0, 0),
(1687, 93, 11.77, 34, '00:00:25', 1, 0),
(1688, 93, 18.75, 30, '00:00:27', 0, 0),
(1689, 93, 19.00, NULL, '00:00:29', 1, 1),
(1690, 93, 19.00, NULL, '00:00:30', 1, 1),
(1691, 93, 24.75, 31, '00:00:33', 0, 0),
(1692, 93, 21.14, NULL, '00:00:35', 1, 0),
(1693, 94, 7.48, 34, '00:00:01', 1, 0),
(1694, 94, 18.75, NULL, '00:00:03', 0, 0),
(1695, 94, 19.00, NULL, '00:00:05', 1, 1),
(1696, 94, 19.00, NULL, '00:00:07', 1, 1),
(1697, 94, 23.17, 30, '00:00:09', 0, 0),
(1698, 94, 10.07, 31, '00:00:11', 1, 0),
(1699, 94, 9.84, 32, '00:00:13', 1, 0),
(1700, 94, 24.75, 33, '00:00:15', 0, 0),
(1701, 94, 22.14, 34, '00:00:17', 1, 0),
(1702, 94, 11.00, NULL, '00:00:19', 1, 1),
(1703, 94, 11.00, NULL, '00:00:21', 0, 1),
(1704, 94, 24.52, NULL, '00:00:23', 0, 0),
(1705, 94, 11.77, 30, '00:00:25', 1, 0),
(1706, 94, 18.75, 31, '00:00:27', 0, 0),
(1707, 94, 19.00, NULL, '00:00:29', 1, 1),
(1708, 94, 19.00, NULL, '00:00:30', 1, 1),
(1709, 94, 24.75, 32, '00:00:33', 0, 0),
(1710, 94, 21.14, NULL, '00:00:35', 1, 0),
(1711, 95, 7.48, 15, '00:00:01', 1, 0),
(1712, 95, 18.75, NULL, '00:00:03', 0, 0),
(1713, 95, 19.00, NULL, '00:00:05', 1, 1),
(1714, 95, 19.00, NULL, '00:00:07', 1, 1),
(1715, 95, 23.17, 16, '00:00:09', 0, 0),
(1716, 95, 10.07, 17, '00:00:11', 1, 0),
(1717, 95, 9.84, 18, '00:00:13', 1, 0),
(1718, 95, 24.75, 19, '00:00:15', 0, 0),
(1719, 95, 22.14, 15, '00:00:17', 1, 0),
(1720, 95, 11.00, NULL, '00:00:19', 1, 1),
(1721, 95, 11.00, NULL, '00:00:21', 0, 1),
(1722, 95, 24.52, NULL, '00:00:23', 0, 0),
(1723, 95, 11.77, 16, '00:00:25', 1, 0),
(1724, 95, 18.75, 17, '00:00:27', 0, 0),
(1725, 95, 19.00, NULL, '00:00:29', 1, 1),
(1726, 95, 19.00, NULL, '00:00:31', 1, 1),
(1727, 95, 24.75, 18, '00:00:33', 0, 0),
(1728, 95, 21.14, NULL, '00:00:35', 1, 0),
(1729, 96, 7.48, 16, '00:00:01', 1, 0),
(1730, 96, 18.75, NULL, '00:00:03', 0, 0),
(1731, 96, 19.00, NULL, '00:00:05', 1, 1),
(1732, 96, 19.00, NULL, '00:00:07', 1, 1),
(1733, 96, 23.17, 17, '00:00:09', 0, 0),
(1734, 96, 10.07, 18, '00:00:11', 1, 0),
(1735, 96, 9.84, 19, '00:00:13', 1, 0),
(1736, 96, 24.75, 15, '00:00:15', 0, 0),
(1737, 96, 22.14, 16, '00:00:17', 1, 0),
(1738, 96, 11.00, NULL, '00:00:19', 1, 1),
(1739, 96, 11.00, NULL, '00:00:21', 0, 1),
(1740, 96, 24.52, NULL, '00:00:23', 0, 0),
(1741, 96, 11.77, 17, '00:00:25', 1, 0),
(1742, 96, 18.75, 18, '00:00:27', 0, 0),
(1743, 96, 19.00, NULL, '00:00:29', 1, 1),
(1744, 96, 19.00, NULL, '00:00:31', 1, 1),
(1745, 96, 24.75, 19, '00:00:33', 0, 0),
(1746, 96, 21.14, NULL, '00:00:35', 1, 0),
(1747, 97, 7.48, 17, '00:00:01', 1, 0),
(1748, 97, 18.75, NULL, '00:00:03', 0, 0),
(1749, 97, 19.00, NULL, '00:00:05', 1, 1),
(1750, 97, 19.00, NULL, '00:00:07', 1, 1),
(1751, 97, 23.17, 18, '00:00:09', 0, 0),
(1752, 97, 10.07, 19, '00:00:11', 1, 0),
(1753, 97, 9.84, 15, '00:00:13', 1, 0),
(1754, 97, 24.75, 16, '00:00:15', 0, 0),
(1755, 97, 22.14, 17, '00:00:17', 1, 0),
(1756, 97, 11.00, NULL, '00:00:19', 1, 1),
(1757, 97, 11.00, NULL, '00:00:21', 0, 1),
(1758, 97, 24.52, NULL, '00:00:23', 0, 0),
(1759, 97, 11.77, 18, '00:00:25', 1, 0),
(1760, 97, 18.75, 19, '00:00:27', 0, 0),
(1761, 97, 19.00, NULL, '00:00:29', 1, 1),
(1762, 97, 19.00, NULL, '00:00:31', 1, 1),
(1763, 97, 24.75, 15, '00:00:33', 0, 0),
(1764, 97, 21.14, NULL, '00:00:35', 1, 0),
(1765, 98, 7.48, 18, '00:00:01', 1, 0),
(1766, 98, 18.75, NULL, '00:00:03', 0, 0),
(1767, 98, 19.00, NULL, '00:00:05', 1, 1),
(1768, 98, 19.00, NULL, '00:00:07', 1, 1),
(1769, 98, 23.17, 19, '00:00:09', 0, 0),
(1770, 98, 10.07, 15, '00:00:11', 1, 0),
(1771, 98, 9.84, 16, '00:00:13', 1, 0),
(1772, 98, 24.75, 17, '00:00:15', 0, 0),
(1773, 98, 22.14, 18, '00:00:17', 1, 0),
(1774, 98, 11.00, NULL, '00:00:19', 1, 1),
(1775, 98, 11.00, NULL, '00:00:21', 0, 1),
(1776, 98, 24.52, NULL, '00:00:23', 0, 0),
(1777, 98, 11.77, 19, '00:00:25', 1, 0),
(1778, 98, 18.75, 15, '00:00:27', 0, 0),
(1779, 98, 19.00, NULL, '00:00:29', 1, 1),
(1780, 98, 19.00, NULL, '00:00:31', 1, 1),
(1781, 98, 24.75, 16, '00:00:33', 0, 0),
(1782, 98, 21.14, NULL, '00:00:35', 1, 0),
(1783, 99, 7.48, 19, '00:00:01', 1, 0),
(1784, 99, 18.75, NULL, '00:00:03', 0, 0),
(1785, 99, 19.00, NULL, '00:00:05', 1, 1),
(1786, 99, 19.00, NULL, '00:00:07', 1, 1),
(1787, 99, 23.17, 15, '00:00:09', 0, 0),
(1788, 99, 10.07, 16, '00:00:11', 1, 0),
(1789, 99, 9.84, 17, '00:00:13', 1, 0),
(1790, 99, 24.75, 18, '00:00:15', 0, 0),
(1791, 99, 22.14, 19, '00:00:17', 1, 0),
(1792, 99, 11.00, NULL, '00:00:19', 1, 1),
(1793, 99, 11.00, NULL, '00:00:21', 0, 1),
(1794, 99, 24.52, NULL, '00:00:23', 0, 0),
(1795, 99, 11.77, 15, '00:00:25', 1, 0),
(1796, 99, 18.75, 16, '00:00:27', 0, 0),
(1797, 99, 19.00, NULL, '00:00:29', 1, 1),
(1798, 99, 19.00, NULL, '00:00:31', 1, 1),
(1799, 99, 24.75, 17, '00:00:33', 0, 0),
(1800, 99, 21.14, NULL, '00:00:35', 1, 0);

-- --------------------------------------------------------

--
-- Structure de la table `teamawards`
--

DROP TABLE IF EXISTS `teamawards`;
CREATE TABLE IF NOT EXISTS `teamawards` (
  `team_award_id` int NOT NULL AUTO_INCREMENT,
  `team_id` int NOT NULL,
  `award_id` int NOT NULL,
  `award_year` year NOT NULL,
  PRIMARY KEY (`team_award_id`),
  KEY `team_id` (`team_id`),
  KEY `award_id` (`award_id`)
) ENGINE=MyISAM DEFAULT CHARSET=utf8mb4 COLLATE=utf8mb4_general_ci;

-- --------------------------------------------------------

--
-- Structure de la table `teams`
--

DROP TABLE IF EXISTS `teams`;
CREATE TABLE IF NOT EXISTS `teams` (
  `team_id` int NOT NULL AUTO_INCREMENT,
  `name` varchar(191) COLLATE utf8mb4_general_ci DEFAULT NULL,
  PRIMARY KEY (`team_id`),
  UNIQUE KEY `name` (`name`)
) ENGINE=MyISAM AUTO_INCREMENT=11 DEFAULT CHARSET=utf8mb4 COLLATE=utf8mb4_general_ci;

--
-- Déchargement des données de la table `teams`
--

INSERT INTO `teams` (`team_id`, `name`) VALUES
(1, 'Lakers'),
(2, 'Warriors'),
(3, 'Celtics'),
(4, 'Bulls'),
(5, 'Heat'),
(6, 'Spurs'),
(7, 'Raptors'),
(8, 'Nets'),
(9, 'Knicks'),
(10, 'Suns');

-- --------------------------------------------------------

--
-- Structure de la table `teamtournamentparticipation`
--

DROP TABLE IF EXISTS `teamtournamentparticipation`;
CREATE TABLE IF NOT EXISTS `teamtournamentparticipation` (
  `participation_id` int NOT NULL AUTO_INCREMENT,
  `team_id` int NOT NULL,
  `tournament_id` int NOT NULL,
  PRIMARY KEY (`participation_id`),
  KEY `team_id` (`team_id`),
  KEY `tournament_id` (`tournament_id`)
) ENGINE=MyISAM AUTO_INCREMENT=11 DEFAULT CHARSET=utf8mb4 COLLATE=utf8mb4_general_ci;

--
-- Déchargement des données de la table `teamtournamentparticipation`
--

INSERT INTO `teamtournamentparticipation` (`participation_id`, `team_id`, `tournament_id`) VALUES
(1, 1, 1),
(2, 2, 1),
(3, 3, 1),
(4, 4, 1),
(5, 5, 1),
(6, 6, 1),
(7, 7, 1),
(8, 8, 1),
(9, 9, 1),
(10, 10, 1);

-- --------------------------------------------------------

--
-- Structure de la table `tournaments`
--

DROP TABLE IF EXISTS `tournaments`;
CREATE TABLE IF NOT EXISTS `tournaments` (
  `tournament_id` int NOT NULL AUTO_INCREMENT,
  `name` varchar(191) COLLATE utf8mb4_general_ci DEFAULT NULL,
  `start_date` date NOT NULL,
  `end_date` date NOT NULL,
  PRIMARY KEY (`tournament_id`),
  UNIQUE KEY `name` (`name`)
) ENGINE=MyISAM AUTO_INCREMENT=2 DEFAULT CHARSET=utf8mb4 COLLATE=utf8mb4_general_ci;

--
-- Déchargement des données de la table `tournaments`
--

INSERT INTO `tournaments` (`tournament_id`, `name`, `start_date`, `end_date`) VALUES
(1, 'NBA 2024', '2024-01-01', '2024-12-31');
COMMIT;

/*!40101 SET CHARACTER_SET_CLIENT=@OLD_CHARACTER_SET_CLIENT */;
/*!40101 SET CHARACTER_SET_RESULTS=@OLD_CHARACTER_SET_RESULTS */;
/*!40101 SET COLLATION_CONNECTION=@OLD_COLLATION_CONNECTION */;
